Nb,Tag 1,Tag 2,Tag 3,comments,description,duration,event,film_date,languages,main_speaker,name,num_speaker,published_date,ratings,related_talks,speaker_occupation,tags,title,url,views
1,Education and Teaching,Innovation,,4553,Sir Ken Robinson makes an entertaining and profoundly moving case for creating an education system that nurtures (rather than undermines) creativity.,1164,TED2006,1140825600,60,Ken Robinson,Ken Robinson: Do schools kill creativity?,1,1151367060,"[{'id': 7, 'name': 'Funny', 'count': 19645}, {'id': 1, 'name': 'Beautiful', 'count': 4573}, {'id': 9, 'name': 'Ingenious', 'count': 6073}, {'id': 3, 'name': 'Courageous', 'count': 3253}, {'id': 11, 'name': 'Longwinded', 'count': 387}, {'id': 2, 'name': 'Confusing', 'count': 242}, {'id': 8, 'name': 'Informative', 'count': 7346}, {'id': 22, 'name': 'Fascinating', 'count': 10581}, {'id': 21, 'name': 'Unconvincing', 'count': 300}, {'id': 24, 'name': 'Persuasive', 'count': 10704}, {'id': 23, 'name': 'Jaw-dropping', 'count': 4439}, {'id': 25, 'name': 'OK', 'count': 1174}, {'id': 26, 'name': 'Obnoxious', 'count': 209}, {'id': 10, 'name': 'Inspiring', 'count': 24924}]","[{'id': 865, 'hero': 'https://pe.tedcdn.com/images/ted/172559_800x600.jpg', 'speaker': 'Ken Robinson', 'title': 'Bring on the learning revolution!', 'duration': 1008, 'slug': 'sir_ken_robinson_bring_on_the_revolution', 'viewed_count': 7266103}, {'id': 1738, 'hero': 'https://pe.tedcdn.com/images/ted/de98b161ad1434910ff4b56c89de71af04b8b873_1600x1200.jpg', 'speaker': 'Ken Robinson', 'title': ""How to escape education's death valley"", 'duration': 1151, 'slug': 'ken_robinson_how_to_escape_education_s_death_valley', 'viewed_count': 6657572}, {'id': 2276, 'hero': 'https://pe.tedcdn.com/images/ted/3821f3728e0b755c7b9aea2e69cc093eca41abe1_2880x1620.jpg', 'speaker': 'Linda Cliatt-Wayman', 'title': 'How to fix a broken school? Lead fearlessly, love hard', 'duration': 1027, 'slug': 'linda_cliatt_wayman_how_to_fix_a_broken_school_lead_fearlessly_love_hard', 'viewed_count': 1617101}, {'id': 892, 'hero': 'https://pe.tedcdn.com/images/ted/e79958940573cc610ccb583619a54866c41ef303_2880x1620.jpg', 'speaker': 'Charles Leadbeater', 'title': 'Education innovation in the slums', 'duration': 1138, 'slug': 'charles_leadbeater_on_education', 'viewed_count': 772296}, {'id': 1232, 'hero': 'https://pe.tedcdn.com/images/ted/0e3e4e92d5ee8ae0e43962d447d3f790b31099b8_800x600.jpg', 'speaker': 'Geoff Mulgan', 'title': 'A short intro to the Studio School', 'duration': 376, 'slug': 'geoff_mulgan_a_short_intro_to_the_studio_school', 'viewed_count': 667971}, {'id': 2616, 'hero': 'https://pe.tedcdn.com/images/ted/71cde5a6fa6c717488fb55eff9eef939a9241761_2880x1620.jpg', 'speaker': 'Kandice Sumner', 'title': ""How America's public schools keep kids in poverty"", 'duration': 830, 'slug': 'kandice_sumner_how_america_s_public_schools_keep_kids_in_poverty', 'viewed_count': 1181333}]",Author/educator,"['children', 'creativity', 'culture', 'dance', 'education', 'parenting', 'teaching']",Do schools kill creativity?,"https://www.ted.com/talks/ken_robinson_says_schools_kill_creativity",47227110
2,Environment ,Marketing,Sustainability ,265,"With the same humor and humanity he exuded in ""An Inconvenient Truth,"" Al Gore spells out 15 ways that individuals can address climate change immediately, from buying a hybrid to inventing a new, hotter brand name for global warming.",977,TED2006,1140825600,43,Al Gore,Al Gore: Averting the climate crisis,1,1151367060,"[{'id': 7, 'name': 'Funny', 'count': 544}, {'id': 3, 'name': 'Courageous', 'count': 139}, {'id': 2, 'name': 'Confusing', 'count': 62}, {'id': 1, 'name': 'Beautiful', 'count': 58}, {'id': 21, 'name': 'Unconvincing', 'count': 258}, {'id': 11, 'name': 'Longwinded', 'count': 113}, {'id': 8, 'name': 'Informative', 'count': 443}, {'id': 10, 'name': 'Inspiring', 'count': 413}, {'id': 22, 'name': 'Fascinating', 'count': 132}, {'id': 9, 'name': 'Ingenious', 'count': 56}, {'id': 24, 'name': 'Persuasive', 'count': 268}, {'id': 23, 'name': 'Jaw-dropping', 'count': 116}, {'id': 26, 'name': 'Obnoxious', 'count': 131}, {'id': 25, 'name': 'OK', 'count': 203}]","[{'id': 243, 'hero': 'https://pe.tedcdn.com/images/ted/566c14767bd62c5ff760e483c5b16cd2753328cd_2880x1620.jpg', 'speaker': 'Al Gore', 'title': 'New thinking on the climate crisis', 'duration': 1674, 'slug': 'al_gore_s_new_thinking_on_the_climate_crisis', 'viewed_count': 1751408}, {'id': 547, 'hero': 'https://pe.tedcdn.com/images/ted/89288_800x600.jpg', 'speaker': 'Ray Anderson', 'title': 'The business logic of sustainability', 'duration': 954, 'slug': 'ray_anderson_on_the_business_logic_of_sustainability', 'viewed_count': 881833}, {'id': 2093, 'hero': 'https://pe.tedcdn.com/images/ted/146d88845861cbf768bbf8bec8b2e41f8bfc7903_2400x1800.jpg', 'speaker': 'Lord Nicholas Stern', 'title': 'The state of the climate ‰ÛÓ and what we might do about it', 'duration': 993, 'slug': 'lord_nicholas_stern_the_state_of_the_climate_and_what_we_might_do_about_it', 'viewed_count': 773779}, {'id': 2784, 'hero': 'https://pe.tedcdn.com/images/ted/e835e670a7836cf65aca2a7a644fd94398cb4b8e_2880x1620.jpg', 'speaker': 'Ted Halstead', 'title': 'A climate solution where all sides can win', 'duration': 787, 'slug': 'ted_halstead_a_climate_solution_where_all_sides_can_win', 'viewed_count': 1021315}, {'id': 2339, 'hero': 'https://pe.tedcdn.com/images/ted/f6879e1c78d4a069735bf745ecfede71ccf4a352_2880x1620.jpg', 'speaker': 'Alice Bows-Larkin', 'title': ""Climate change is happening. Here's how we adapt"", 'duration': 863, 'slug': 'alice_bows_larkin_we_re_too_late_to_prevent_climate_change_here_s_how_we_adapt', 'viewed_count': 1157975}, {'id': 2331, 'hero': 'https://pe.tedcdn.com/images/ted/64bbcc24af870d9b4e1768abe88e1fe041b02a6a_2880x1620.jpg', 'speaker': 'Mary Robinson', 'title': 'Why climate change is a threat to human rights', 'duration': 1307, 'slug': 'mary_robinson_why_climate_change_is_a_threat_to_human_rights', 'viewed_count': 1126293}]",Climate advocate,"['alternative energy', 'cars', 'climate change', 'culture', 'environment', 'global issues', 'science', 'sustainability', 'technology']",Averting the climate crisis,"https://www.ted.com/talks/al_gore_on_averting_climate_crisis",3200520
3,Marketing,Design Tools,3D & Animation,124,"New York Times columnist David Pogue takes aim at technology‰Ûªs worst interface-design offenders, and provides encouraging examples of products that get it right. To funny things up, he bursts into song.",1286,TED2006,1140739200,26,David Pogue,David Pogue: Simplicity sells,1,1151367060,"[{'id': 7, 'name': 'Funny', 'count': 964}, {'id': 3, 'name': 'Courageous', 'count': 45}, {'id': 9, 'name': 'Ingenious', 'count': 183}, {'id': 1, 'name': 'Beautiful', 'count': 60}, {'id': 21, 'name': 'Unconvincing', 'count': 104}, {'id': 11, 'name': 'Longwinded', 'count': 78}, {'id': 8, 'name': 'Informative', 'count': 395}, {'id': 10, 'name': 'Inspiring', 'count': 230}, {'id': 22, 'name': 'Fascinating', 'count': 166}, {'id': 2, 'name': 'Confusing', 'count': 27}, {'id': 25, 'name': 'OK', 'count': 146}, {'id': 24, 'name': 'Persuasive', 'count': 230}, {'id': 23, 'name': 'Jaw-dropping', 'count': 54}, {'id': 26, 'name': 'Obnoxious', 'count': 142}]","[{'id': 1725, 'hero': 'https://pe.tedcdn.com/images/ted/b7f415a054cc0a2bfdd90d0ad5a7f64cf060150d_1600x1200.jpg', 'speaker': 'David Pogue', 'title': '10 top time-saving tech tips', 'duration': 344, 'slug': 'david_pogue_10_top_time_saving_tech_tips', 'viewed_count': 4843421}, {'id': 2274, 'hero': 'https://pe.tedcdn.com/images/ted/608e677e4392bcdcf82b068fa221b9df74a213ef_2880x1620.jpg', 'speaker': 'Tony Fadell', 'title': 'The first secret of design is ... noticing', 'duration': 1001, 'slug': 'tony_fadell_the_first_secret_of_design_is_noticing', 'viewed_count': 2005916}, {'id': 172, 'hero': 'https://pe.tedcdn.com/images/ted/b790be2f87ceffba73fe73837944400c7d61cba2_1600x1200.jpg', 'speaker': 'John Maeda', 'title': 'Designing for simplicity', 'duration': 959, 'slug': 'john_maeda_on_the_simple_life', 'viewed_count': 1215942}, {'id': 2664, 'hero': 'https://pe.tedcdn.com/images/ted/092f184f6625c2aeef10949c8d7b2aa14ba4132b_2880x1620.jpg', 'speaker': 'Dan Bricklin', 'title': 'Meet the inventor of the electronic spreadsheet', 'duration': 720, 'slug': 'dan_bricklin_meet_the_inventor_of_the_electronic_spreadsheet', 'viewed_count': 992322}, {'id': 436, 'hero': 'https://pe.tedcdn.com/images/ted/66438_800x600.jpg', 'speaker': 'David Carson', 'title': 'Design and discovery', 'duration': 1359, 'slug': 'david_carson_on_design', 'viewed_count': 774485}, {'id': 1546, 'hero': 'https://pe.tedcdn.com/images/ted/39d58abd56cf9edd6936f4f42119a15e65692dc1_1600x1200.jpg', 'speaker': 'Clay Shirky', 'title': 'How the Internet will (one day) transform government', 'duration': 1112, 'slug': 'clay_shirky_how_the_internet_will_one_day_transform_government', 'viewed_count': 1245084}]",Technology columnist,"['computers', 'entertainment', 'interface design', 'media', 'music', 'performance', 'simplicity', 'software', 'technology']",Simplicity sells,"https://www.ted.com/talks/david_pogue_says_simplicity_sells",1636292
4,Sustainability ,Environment ,Social justice ,200,"In an emotionally charged talk, MacArthur-winning activist Majora Carter details her fight for environmental justice in the South Bronx -- and shows how minority neighborhoods suffer most from flawed urban policy.",1116,TED2006,1140912000,35,Majora Carter,Majora Carter: Greening the ghetto,1,1151367060,"[{'id': 3, 'name': 'Courageous', 'count': 760}, {'id': 1, 'name': 'Beautiful', 'count': 291}, {'id': 2, 'name': 'Confusing', 'count': 32}, {'id': 7, 'name': 'Funny', 'count': 59}, {'id': 9, 'name': 'Ingenious', 'count': 105}, {'id': 21, 'name': 'Unconvincing', 'count': 36}, {'id': 11, 'name': 'Longwinded', 'count': 53}, {'id': 8, 'name': 'Informative', 'count': 380}, {'id': 10, 'name': 'Inspiring', 'count': 1070}, {'id': 22, 'name': 'Fascinating', 'count': 132}, {'id': 24, 'name': 'Persuasive', 'count': 460}, {'id': 23, 'name': 'Jaw-dropping', 'count': 230}, {'id': 26, 'name': 'Obnoxious', 'count': 35}, {'id': 25, 'name': 'OK', 'count': 85}]","[{'id': 1041, 'hero': 'https://pe.tedcdn.com/images/ted/96c703bb13a2e9c2d351a5e6b52390bc35eaad06_800x600.jpg', 'speaker': 'Majora Carter', 'title': '3 stories of local eco-entrepreneurship', 'duration': 1079, 'slug': 'majora_carter_3_stories_of_local_ecoactivism', 'viewed_count': 702642}, {'id': 1892, 'hero': 'https://pe.tedcdn.com/images/ted/f5ebbf91eb093a2da2cfe1941724a3e55d222713_1600x1200.jpg', 'speaker': 'Toni Griffin', 'title': 'A new vision for rebuilding Detroit', 'duration': 708, 'slug': 'toni_griffin_a_new_vision_for_rebuilding_detroit', 'viewed_count': 826727}, {'id': 2078, 'hero': 'https://pe.tedcdn.com/images/ted/92ddb109a1f98a3745fe1b2b0d2c5519ab3931dc_2400x1800.jpg', 'speaker': 'Dan Barasch', 'title': 'A park underneath the hustle and bustle of New York City', 'duration': 377, 'slug': 'dan_barasch_a_park_underneath_the_hustle_and_bustle_of_new_york_city', 'viewed_count': 862197}, {'id': 2873, 'hero': 'https://pe.tedcdn.com/images/ted/635f76d5d4d0a454b6131b93b471d1f65065f14d_2880x1620.jpg', 'speaker': 'OluTimehin Adegbeye', 'title': 'Who belongs in a city?', 'duration': 723, 'slug': 'olutimehin_adegbeye_who_belongs_in_a_city', 'viewed_count': 686614}, {'id': 2840, 'hero': 'https://pe.tedcdn.com/images/ted/e14c457790cbe44629c9afaf8867a3558d0cf121_2880x1620.jpg', 'speaker': 'Richard J. Berry', 'title': 'A practical way to help the homeless find work and safety', 'duration': 741, 'slug': 'richard_j_berry_a_practical_way_to_help_the_homeless_find_work_and_safety', 'viewed_count': 746572}, {'id': 2839, 'hero': 'https://pe.tedcdn.com/images/ted/7651fdc16fac4fe5a41e91a65ee168af109e227e_2880x1620.jpg', 'speaker': 'Peter Calthorpe', 'title': '7 principles for building better cities', 'duration': 860, 'slug': 'peter_calthorpe_7_principles_for_building_better_cities', 'viewed_count': 832386}]",Activist for environmental justice,"['MacArthur grant', 'activism', 'business', 'cities', 'environment', 'green', 'inequality', 'politics', 'pollution']",Greening the ghetto,"https://www.ted.com/talks/majora_carter_s_tale_of_urban_renewal",1697550
5,Cross-cultural business,Statistics,Globalisation,593,"You've never seen data presented like this. With the drama and urgency of a sportscaster, statistics guru Hans Rosling debunks myths about the so-called ""developing world.""",1190,TED2006,1140566400,48,Hans Rosling,Hans Rosling: The best stats you've ever seen,1,1151440680,"[{'id': 9, 'name': 'Ingenious', 'count': 3202}, {'id': 7, 'name': 'Funny', 'count': 1390}, {'id': 1, 'name': 'Beautiful', 'count': 942}, {'id': 3, 'name': 'Courageous', 'count': 318}, {'id': 11, 'name': 'Longwinded', 'count': 110}, {'id': 2, 'name': 'Confusing', 'count': 72}, {'id': 21, 'name': 'Unconvincing', 'count': 67}, {'id': 8, 'name': 'Informative', 'count': 5433}, {'id': 10, 'name': 'Inspiring', 'count': 2893}, {'id': 22, 'name': 'Fascinating', 'count': 4606}, {'id': 23, 'name': 'Jaw-dropping', 'count': 3736}, {'id': 24, 'name': 'Persuasive', 'count': 2542}, {'id': 25, 'name': 'OK', 'count': 248}, {'id': 26, 'name': 'Obnoxious', 'count': 61}]","[{'id': 2056, 'hero': 'https://pe.tedcdn.com/images/ted/afc9b259845ec1b543419871e10753d4d9044fda_2400x1800.jpg', 'speaker': 'Talithia Williams', 'title': ""Own your body's data"", 'duration': 1023, 'slug': 'talithia_williams_own_your_body_s_data', 'viewed_count': 1345319}, {'id': 2296, 'hero': 'https://pe.tedcdn.com/images/ted/9e003b0a822daba702608136e73f7be001b6b2f2_2880x1620.jpg', 'speaker': 'Manuel Lima', 'title': 'A visual history of human knowledge', 'duration': 769, 'slug': 'manuel_lima_a_visual_history_of_human_knowledge', 'viewed_count': 1710818}, {'id': 620, 'hero': 'https://pe.tedcdn.com/images/ted/111517_800x600.jpg', 'speaker': 'Hans Rosling', 'title': 'Let my dataset change your mindset', 'duration': 1196, 'slug': 'hans_rosling_at_state', 'viewed_count': 1471015}, {'id': 974, 'hero': 'https://pe.tedcdn.com/images/ted/205077_800x600.jpg', 'speaker': 'Hans Rosling', 'title': ""The good news of the decade? We're winning the war against child mortality"", 'duration': 934, 'slug': 'hans_rosling_the_good_news_of_the_decade', 'viewed_count': 738885}, {'id': 140, 'hero': 'https://pe.tedcdn.com/images/ted/bf09302366bde885c86350145b87cd2b265f1f12_1600x1200.jpg', 'speaker': 'Hans Rosling', 'title': 'New insights on poverty', 'duration': 1137, 'slug': 'hans_rosling_reveals_new_insights_on_poverty', 'viewed_count': 3243775}, {'id': 912, 'hero': 'https://pe.tedcdn.com/images/ted/b26e09ddd0ffeb774cd3eee2a24424c4ed542677_2880x1620.jpg', 'speaker': 'Hans Rosling', 'title': 'Global population growth, box by box', 'duration': 604, 'slug': 'hans_rosling_on_global_population_growth', 'viewed_count': 2934214}]",Global health expert; data visionary,"['Africa', 'Asia', 'Google', 'demo', 'economics', 'global development', 'global issues', 'health', 'math', 'statistics', 'visualizations']",The best stats you've ever seen,"https://www.ted.com/talks/hans_rosling_shows_the_best_stats_you_ve_ever_seen",12005869
6,,Customer profiling,Psychology ,672,"Tony Robbins discusses the ""invisible forces"" that motivate everyone's actions -- and high-fives Al Gore in the front row.",1305,TED2006,1138838400,36,Tony Robbins,Tony Robbins: Why we do what we do,1,1151440680,"[{'id': 7, 'name': 'Funny', 'count': 1102}, {'id': 3, 'name': 'Courageous', 'count': 721}, {'id': 21, 'name': 'Unconvincing', 'count': 377}, {'id': 2, 'name': 'Confusing', 'count': 301}, {'id': 1, 'name': 'Beautiful', 'count': 706}, {'id': 9, 'name': 'Ingenious', 'count': 397}, {'id': 11, 'name': 'Longwinded', 'count': 285}, {'id': 8, 'name': 'Informative', 'count': 1038}, {'id': 10, 'name': 'Inspiring', 'count': 5211}, {'id': 22, 'name': 'Fascinating', 'count': 1350}, {'id': 24, 'name': 'Persuasive', 'count': 2423}, {'id': 25, 'name': 'OK', 'count': 441}, {'id': 23, 'name': 'Jaw-dropping', 'count': 669}, {'id': 26, 'name': 'Obnoxious', 'count': 335}]","[{'id': 229, 'hero': 'https://pe.tedcdn.com/images/ted/eefe30d20338d800bdc70a09dc0f6007e7355a74_2880x1620.jpg', 'speaker': 'Jill Bolte Taylor', 'title': 'My stroke of insight', 'duration': 1099, 'slug': 'jill_bolte_taylor_s_powerful_stroke_of_insight', 'viewed_count': 21190809}, {'id': 70, 'hero': 'https://pe.tedcdn.com/images/ted/6c8c4b562ae7b0a7f5b140e2db1f7588861a6565_1600x1200.jpg', 'speaker': 'Richard St. John', 'title': '8 secrets of success', 'duration': 210, 'slug': 'richard_st_john_s_8_secrets_of_success', 'viewed_count': 10841194}, {'id': 97, 'hero': 'https://pe.tedcdn.com/images/ted/016a827cc0757092a0439ab2a63feca8655b6c29_1600x1200.jpg', 'speaker': 'Dan Gilbert', 'title': 'The surprising science of happiness', 'duration': 1276, 'slug': 'dan_gilbert_asks_why_are_we_happy', 'viewed_count': 14689293}, {'id': 1094, 'hero': 'https://pe.tedcdn.com/images/ted/78e8d94d1d2a81cd182e0626dc8e96a43c88d760_800x600.jpg', 'speaker': 'David Brooks', 'title': 'The social animal', 'duration': 1124, 'slug': 'david_brooks_the_social_animal', 'viewed_count': 1132745}, {'id': 2861, 'hero': 'https://pe.tedcdn.com/images/ted/040ce6ae0f5e8d306d395b03be10fffb459f69ae_2880x1620.jpg', 'speaker': 'Emily Esfahani Smith', 'title': ""There's more to life than being happy"", 'duration': 738, 'slug': 'emily_esfahani_smith_there_s_more_to_life_than_being_happy', 'viewed_count': 997630}, {'id': 2279, 'hero': 'https://pe.tedcdn.com/images/ted/7942398dd4f5b61691f12872b6e787cf53dec95f_2880x1620.jpg', 'speaker': 'Rana el Kaliouby', 'title': 'This app knows how you feel -- from the look on your face', 'duration': 664, 'slug': 'rana_el_kaliouby_this_app_knows_how_you_feel_from_the_look_on_your_face', 'viewed_count': 1407619}]",Life coach; expert in leadership psychology,"['business', 'culture', 'entertainment', 'goal-setting', 'motivation', 'potential', 'psychology']",Why we do what we do,"https://www.ted.com/talks/tony_robbins_asks_why_we_do_what_we_do",20685401
7,,Religion and spirituality,Mental health,919,"When two young Mormon missionaries knock on Julia Sweeney's door one day, it touches off a quest to completely rethink her own beliefs, in this excerpt from Sweeney's solo show ""Letting Go of God.""  ",992,TED2006,1140739200,31,Julia Sweeney,Julia Sweeney: Letting go of God,1,1152490260,"[{'id': 3, 'name': 'Courageous', 'count': 477}, {'id': 7, 'name': 'Funny', 'count': 2484}, {'id': 9, 'name': 'Ingenious', 'count': 320}, {'id': 21, 'name': 'Unconvincing', 'count': 225}, {'id': 1, 'name': 'Beautiful', 'count': 277}, {'id': 2, 'name': 'Confusing', 'count': 72}, {'id': 8, 'name': 'Informative', 'count': 226}, {'id': 10, 'name': 'Inspiring', 'count': 438}, {'id': 22, 'name': 'Fascinating', 'count': 316}, {'id': 11, 'name': 'Longwinded', 'count': 193}, {'id': 24, 'name': 'Persuasive', 'count': 311}, {'id': 25, 'name': 'OK', 'count': 308}, {'id': 26, 'name': 'Obnoxious', 'count': 290}, {'id': 23, 'name': 'Jaw-dropping', 'count': 61}]","[{'id': 22, 'hero': 'https://pe.tedcdn.com/images/ted/f9e5462fd10b5130015fab95f3be6ace3e0f4ef4_1600x1200.jpg', 'speaker': 'Michael Shermer', 'title': 'Why people believe weird things', 'duration': 805, 'slug': 'michael_shermer_on_believing_strange_things', 'viewed_count': 5364637}, {'id': 94, 'hero': 'https://pe.tedcdn.com/images/ted/44daf1cec1e44f10eaaed00aa32196fa2a46990a_2880x1620.jpg', 'speaker': 'Dan Dennett', 'title': ""Let's teach religion -- all religion -- in schools"", 'duration': 1485, 'slug': 'dan_dennett_s_response_to_rick_warren', 'viewed_count': 2567959}, {'id': 856, 'hero': 'https://pe.tedcdn.com/images/ted/406342108d85291209a25f6a8e108b6ec6b81fa0_1600x1200.jpg', 'speaker': 'Julia Sweeney', 'title': 'It\'s time for ""The Talk""', 'duration': 316, 'slug': 'julia_sweeney_has_the_talk', 'viewed_count': 3362073}, {'id': 112, 'hero': 'https://pe.tedcdn.com/images/ted/195_480x360.jpg', 'speaker': 'Tom Honey', 'title': 'Why would God create a tsunami?', 'duration': 1172, 'slug': 'tom_honey_on_god_and_the_tsunami', 'viewed_count': 616383}, {'id': 71, 'hero': 'https://pe.tedcdn.com/images/ted/229_480x360.jpg', 'speaker': 'Rick Warren', 'title': 'A life of purpose', 'duration': 1262, 'slug': 'rick_warren_on_a_life_of_purpose', 'viewed_count': 3095993}, {'id': 308, 'hero': 'https://pe.tedcdn.com/images/ted/635e23878e0592bd2b01156a71262a97c6fad8b6_1600x1200.jpg', 'speaker': 'Billy Graham', 'title': 'On technology and faith', 'duration': 1580, 'slug': 'billy_graham_on_technology_faith_and_suffering', 'viewed_count': 1532672}]","Actor, comedian, playwright","['Christianity', 'God', 'atheism', 'comedy', 'culture', 'humor', 'performance', 'religion', 'storytelling']",Letting go of God,"https://www.ted.com/talks/julia_sweeney_on_letting_go_of_god",3769987
8,,,Architecture,46,"Architect Joshua Prince-Ramus takes the audience on dazzling, dizzying virtual tours of three recent projects: the Central Library in Seattle, the Museum Plaza in Louisville and the Charles Wyly Theater in Dallas.",1198,TED2006,1140652800,19,Joshua Prince-Ramus,Joshua Prince-Ramus: Behind the design of Seattle's library,1,1152490260,"[{'id': 9, 'name': 'Ingenious', 'count': 195}, {'id': 1, 'name': 'Beautiful', 'count': 98}, {'id': 11, 'name': 'Longwinded', 'count': 26}, {'id': 3, 'name': 'Courageous', 'count': 34}, {'id': 21, 'name': 'Unconvincing', 'count': 26}, {'id': 10, 'name': 'Inspiring', 'count': 175}, {'id': 8, 'name': 'Informative', 'count': 121}, {'id': 22, 'name': 'Fascinating', 'count': 153}, {'id': 2, 'name': 'Confusing', 'count': 25}, {'id': 24, 'name': 'Persuasive', 'count': 37}, {'id': 25, 'name': 'OK', 'count': 63}, {'id': 23, 'name': 'Jaw-dropping', 'count': 57}, {'id': 7, 'name': 'Funny', 'count': 9}, {'id': 26, 'name': 'Obnoxious', 'count': 5}]","[{'id': 750, 'hero': 'https://pe.tedcdn.com/images/ted/144334_800x600.jpg', 'speaker': 'Joshua Prince-Ramus', 'title': 'Building a theater that remakes itself', 'duration': 1122, 'slug': 'joshua_prince_ramus_building_a_theater_that_remakes_itself', 'viewed_count': 717507}, {'id': 2092, 'hero': 'https://pe.tedcdn.com/images/ted/f4c6a880aed1090157b39ee4ccca6c0f4e9f5615_2880x1620.jpg', 'speaker': 'Moshe Safdie', 'title': 'How to reinvent the apartment building', 'duration': 346, 'slug': 'moshe_safdie_how_to_reinvent_the_apartment_building', 'viewed_count': 1600426}, {'id': 2183, 'hero': 'https://pe.tedcdn.com/images/ted/6c23c76e0033cdaf2c6c3c8d3c563fff0b4c58c5_2880x1620.jpg', 'speaker': 'Marc Kushner', 'title': 'Why the buildings of the future will be shaped by ... you', 'duration': 1085, 'slug': 'marc_kushner_why_the_buildings_of_the_future_will_be_shaped_by_you', 'viewed_count': 2780371}, {'id': 359, 'hero': 'https://pe.tedcdn.com/images/ted/c3dad0c40ff21db5cf736a42683b5a1172b0cff9_2880x1620.jpg', 'speaker': 'Liz Diller', 'title': 'The Blur Building and other tech-empowered architecture', 'duration': 1164, 'slug': 'liz_diller_plays_with_architecture', 'viewed_count': 583307}, {'id': 231, 'hero': 'https://pe.tedcdn.com/images/ted/33968_480x360.jpg', 'speaker': 'Frank Gehry', 'title': 'My days as a young rebel', 'duration': 2678, 'slug': 'frank_gehry_as_a_young_rebel', 'viewed_count': 620801}, {'id': 31, 'hero': 'https://pe.tedcdn.com/images/ted/200_480x360.jpg', 'speaker': 'Thom Mayne', 'title': 'How architecture can connect us', 'duration': 1240, 'slug': 'thom_mayne_on_architecture_as_connection', 'viewed_count': 660907}]",Architect,"['architecture', 'collaboration', 'culture', 'design', 'library']",Behind the design of Seattle's library,"https://www.ted.com/talks/joshua_prince_ramus_on_seattle_s_library",967741
9,Biology,Religion and spirituality,Philosophy,852,"Philosopher Dan Dennett calls for religion -- all religion -- to be taught in schools, so we can understand its nature as a natural phenomenon. Then he takes on The Purpose-Driven Life, disputing its claim that, to be moral, one must deny evolution.",1485,TED2006,1138838400,32,Dan Dennett,Dan Dennett: Let's teach religion -- all religion -- in schools,1,1153181460,"[{'id': 3, 'name': 'Courageous', 'count': 562}, {'id': 2, 'name': 'Confusing', 'count': 70}, {'id': 21, 'name': 'Unconvincing', 'count': 283}, {'id': 7, 'name': 'Funny', 'count': 60}, {'id': 11, 'name': 'Longwinded', 'count': 177}, {'id': 9, 'name': 'Ingenious', 'count': 211}, {'id': 1, 'name': 'Beautiful', 'count': 145}, {'id': 8, 'name': 'Informative', 'count': 623}, {'id': 10, 'name': 'Inspiring', 'count': 441}, {'id': 22, 'name': 'Fascinating', 'count': 313}, {'id': 24, 'name': 'Persuasive', 'count': 764}, {'id': 23, 'name': 'Jaw-dropping', 'count': 60}, {'id': 25, 'name': 'OK', 'count': 154}, {'id': 26, 'name': 'Obnoxious', 'count': 83}]","[{'id': 71, 'hero': 'https://pe.tedcdn.com/images/ted/229_480x360.jpg', 'speaker': 'Rick Warren', 'title': 'A life of purpose', 'duration': 1262, 'slug': 'rick_warren_on_a_life_of_purpose', 'viewed_count': 3095993}, {'id': 2011, 'hero': 'https://pe.tedcdn.com/images/ted/eff4d536c8ddd92d6c5098adaf1f88a5b14c3a33_2880x1620.jpg', 'speaker': 'Kwame Anthony Appiah', 'title': 'Is religion good or bad? (This is a trick question)', 'duration': 880, 'slug': 'kwame_anthony_appiah_is_religion_good_or_bad_this_is_a_trick_question', 'viewed_count': 1569209}, {'id': 234, 'hero': 'https://pe.tedcdn.com/images/ted/e653c223738e3bb9496a323298be3d6b7f72aa32_2880x1620.jpg', 'speaker': 'Karen Armstrong', 'title': 'My wish: The Charter for Compassion', 'duration': 1288, 'slug': 'karen_armstrong_makes_her_ted_prize_wish_the_charter_for_compassion', 'viewed_count': 1277609}, {'id': 113, 'hero': 'https://pe.tedcdn.com/images/ted/454_480x360.jpg', 'speaker': 'Richard Dawkins', 'title': 'Militant atheism', 'duration': 1750, 'slug': 'richard_dawkins_on_militant_atheism', 'viewed_count': 4374790}, {'id': 301, 'hero': 'https://pe.tedcdn.com/images/ted/eefa0767cdea7f4019584ecc80457b3ef87fc7a3_2880x1620.jpg', 'speaker': 'AJ Jacobs', 'title': 'My year of living biblically', 'duration': 1060, 'slug': 'a_j_jacobs_year_of_living_biblically', 'viewed_count': 2291695}, {'id': 1327, 'hero': 'https://pe.tedcdn.com/images/ted/f076b40cf5edbc49c2ca06333cb77a8f377ecf4f_1600x1200.jpg', 'speaker': 'Alain de Botton', 'title': 'Atheism 2.0', 'duration': 1160, 'slug': 'alain_de_botton_atheism_2_0', 'viewed_count': 2202997}]","Philosopher, cognitive scientist","['God', 'TED Brain Trust', 'atheism', 'brain', 'cognitive science', 'consciousness', 'evolution', 'philosophy', 'religion']",Let's teach religion -- all religion -- in schools,"https://www.ted.com/talks/dan_dennett_s_response_to_rick_warren",2567958
30,Psychology ,Emotional wellness,,970,"Dan Gilbert, author of ""Stumbling on Happiness,"" challenges the idea that we‰Ûªll be miserable if we don‰Ûªt get what we want. Our ""psychological immune system"" lets us feel truly happy even when things don‰Ûªt go as planned.",1276,TED2004,1075680000,43,Dan Gilbert,Dan Gilbert: The surprising science of happiness,1,1159229460,"[{'id': 7, 'name': 'Funny', 'count': 1728}, {'id': 9, 'name': 'Ingenious', 'count': 1166}, {'id': 2, 'name': 'Confusing', 'count': 241}, {'id': 1, 'name': 'Beautiful', 'count': 444}, {'id': 21, 'name': 'Unconvincing', 'count': 174}, {'id': 11, 'name': 'Longwinded', 'count': 169}, {'id': 3, 'name': 'Courageous', 'count': 248}, {'id': 8, 'name': 'Informative', 'count': 3899}, {'id': 10, 'name': 'Inspiring', 'count': 3554}, {'id': 22, 'name': 'Fascinating', 'count': 4303}, {'id': 24, 'name': 'Persuasive', 'count': 2355}, {'id': 23, 'name': 'Jaw-dropping', 'count': 1047}, {'id': 25, 'name': 'OK', 'count': 439}, {'id': 26, 'name': 'Obnoxious', 'count': 67}]","[{'id': 944, 'hero': 'https://pe.tedcdn.com/images/ted/194325_800x600.jpg', 'speaker': 'Nic Marks', 'title': 'The Happy Planet Index', 'duration': 1009, 'slug': 'nic_marks_the_happy_planet_index', 'viewed_count': 1597666}, {'id': 1880, 'hero': 'https://pe.tedcdn.com/images/ted/02722e8404d9e8dd2ec003b249db0ce3d05bda19_1600x1200.jpg', 'speaker': 'David Steindl-Rast', 'title': 'Want to be happy? Be grateful', 'duration': 870, 'slug': 'david_steindl_rast_want_to_be_happy_be_grateful', 'viewed_count': 5893103}, {'id': 2162, 'hero': 'https://pe.tedcdn.com/images/ted/526bdf2a9e90114041ede34abfa9fec6992f1e77_2880x1620.jpg', 'speaker': 'Daniele Quercia', 'title': 'Happy maps', 'duration': 440, 'slug': 'daniele_quercia_happy_maps', 'viewed_count': 2084105}, {'id': 1607, 'hero': 'https://pe.tedcdn.com/images/ted/2ff7ff0cde75d2a906557697701d2cf714763984_1600x1200.jpg', 'speaker': 'Matt Killingsworth', 'title': 'Want to be happier? Stay in the moment', 'duration': 616, 'slug': 'matt_killingsworth_want_to_be_happier_stay_in_the_moment', 'viewed_count': 2723849}, {'id': 570, 'hero': 'https://pe.tedcdn.com/images/ted/227eb8797d02a761179cad69072672210781a69c_2880x1620.jpg', 'speaker': 'Nancy Etcoff', 'title': 'Happiness and its surprises', 'duration': 1185, 'slug': 'nancy_etcoff_on_happiness_and_why_we_want_it', 'viewed_count': 1587771}, {'id': 779, 'hero': 'https://pe.tedcdn.com/images/ted/cedfa6cd9d9b0c01b013c3bb4395f57625d5ce69_1600x1200.jpg', 'speaker': 'Daniel Kahneman', 'title': 'The riddle of experience vs. memory', 'duration': 1206, 'slug': 'daniel_kahneman_the_riddle_of_experience_vs_memory', 'viewed_count': 3841561}]",Psychologist; happiness expert,"['TED Brain Trust', 'brain', 'choice', 'culture', 'evolution', 'happiness', 'psychology', 'science']",The surprising science of happiness,"https://www.ted.com/talks/dan_gilbert_asks_why_are_we_happy",14689301
31,Decision-making,Emotional wellness,Psychology ,991,"Psychologist Barry Schwartz takes aim at a central tenet of western societies: freedom of choice. In Schwartz's estimation, choice has made us not freer but more paralyzed, not happier but more dissatisfied.",1177,TEDGlobal 2005,1121385600,45,Barry Schwartz,Barry Schwartz: The paradox of choice,1,1159229460,"[{'id': 7, 'name': 'Funny', 'count': 1526}, {'id': 11, 'name': 'Longwinded', 'count': 178}, {'id': 9, 'name': 'Ingenious', 'count': 1201}, {'id': 3, 'name': 'Courageous', 'count': 400}, {'id': 1, 'name': 'Beautiful', 'count': 277}, {'id': 8, 'name': 'Informative', 'count': 2532}, {'id': 10, 'name': 'Inspiring', 'count': 2427}, {'id': 22, 'name': 'Fascinating', 'count': 2491}, {'id': 21, 'name': 'Unconvincing', 'count': 324}, {'id': 2, 'name': 'Confusing', 'count': 54}, {'id': 24, 'name': 'Persuasive', 'count': 2478}, {'id': 23, 'name': 'Jaw-dropping', 'count': 521}, {'id': 25, 'name': 'OK', 'count': 421}, {'id': 26, 'name': 'Obnoxious', 'count': 115}]","[{'id': 2023, 'hero': 'https://pe.tedcdn.com/images/ted/a74696f0bf766d304840d03388d4234145fed6f1_2400x1800.jpg', 'speaker': 'Ruth Chang', 'title': 'How to make hard choices ', 'duration': 881, 'slug': 'ruth_chang_how_to_make_hard_choices', 'viewed_count': 4933204}, {'id': 924, 'hero': 'https://pe.tedcdn.com/images/ted/fd1ebbd085889f33892ea98787e53d6ce789bbc3_2880x1620.jpg', 'speaker': 'Sheena Iyengar', 'title': 'The art of choosing', 'duration': 1448, 'slug': 'sheena_iyengar_on_the_art_of_choosing', 'viewed_count': 3087795}, {'id': 2044, 'hero': 'https://pe.tedcdn.com/images/ted/42df3420fcc0c4055fe6e8447d0ab64f81135241_2400x1800.jpg', 'speaker': 'Renata Salecl', 'title': 'Our unhealthy obsession with choice', 'duration': 902, 'slug': 'renata_salecl_our_unhealthy_obsession_with_choice', 'viewed_count': 1445811}, {'id': 1330, 'hero': 'https://pe.tedcdn.com/images/ted/85a7a4590788ca5b50fda89db599791890136bce_2880x1620.jpg', 'speaker': 'Sheena Iyengar', 'title': 'How to make choosing easier', 'duration': 965, 'slug': 'sheena_iyengar_choosing_what_to_choose', 'viewed_count': 2314053}, {'id': 2799, 'hero': 'https://pe.tedcdn.com/images/ted/2e4d3e963bafd5fdc6f34d5706ff58fd3b2e22c1_2880x1620.jpg', 'speaker': 'Tim Ferriss', 'title': 'Why you should define your fears instead of your goals', 'duration': 801, 'slug': 'tim_ferriss_why_you_should_define_your_fears_instead_of_your_goals', 'viewed_count': 3180078}, {'id': 420, 'hero': 'https://pe.tedcdn.com/images/ted/62760_800x600.jpg', 'speaker': 'Dan Gilbert', 'title': 'Why we make bad decisions', 'duration': 2018, 'slug': 'dan_gilbert_researches_happiness', 'viewed_count': 3707223}]",Psychologist,"['business', 'choice', 'culture', 'decision-making', 'economics', 'happiness', 'personal growth', 'potential', 'psychology']",The paradox of choice,"https://www.ted.com/talks/barry_schwartz_on_the_paradox_of_choice",10000702
32,,Education and Teaching,Physical health,213,Eva Vertes -- only 19 when she gave this talk -- discusses her journey toward studying medicine and her drive to understand the roots of cancer and Alzheimer‰Ûªs.,1129,TED2005,1109376000,26,Eva Vertes,Eva Vertes: Meet the future of cancer research,1,1159747860,"[{'id': 1, 'name': 'Beautiful', 'count': 68}, {'id': 3, 'name': 'Courageous', 'count': 171}, {'id': 9, 'name': 'Ingenious', 'count': 279}, {'id': 8, 'name': 'Informative', 'count': 277}, {'id': 21, 'name': 'Unconvincing', 'count': 38}, {'id': 11, 'name': 'Longwinded', 'count': 84}, {'id': 10, 'name': 'Inspiring', 'count': 377}, {'id': 22, 'name': 'Fascinating', 'count': 356}, {'id': 2, 'name': 'Confusing', 'count': 30}, {'id': 26, 'name': 'Obnoxious', 'count': 58}, {'id': 24, 'name': 'Persuasive', 'count': 93}, {'id': 23, 'name': 'Jaw-dropping', 'count': 152}, {'id': 25, 'name': 'OK', 'count': 75}, {'id': 7, 'name': 'Funny', 'count': 13}]","[{'id': 2109, 'hero': 'https://pe.tedcdn.com/images/ted/8fa38dd829fc3389ce6fb883825d838f53e3dec5_2880x1620.jpg', 'speaker': 'Jorge Soto', 'title': 'The future of early cancer detection?', 'duration': 677, 'slug': 'jorge_soto_the_future_of_early_cancer_detection', 'viewed_count': 1213218}, {'id': 859, 'hero': 'https://pe.tedcdn.com/images/ted/055b61a8ce3f799846f9dbdecbe2c30d0d0726bd_1600x1200.jpg', 'speaker': 'William Li', 'title': 'Can we eat to starve cancer?', 'duration': 1202, 'slug': 'william_li', 'viewed_count': 4149037}, {'id': 1498, 'hero': 'https://pe.tedcdn.com/images/ted/7c8561015312ec4ba79c40a70b487512afb738c3_800x600.jpg', 'speaker': 'Alanna Shaikh', 'title': ""How I'm preparing to get Alzheimer's"", 'duration': 386, 'slug': 'alanna_shaikh_how_i_m_preparing_to_get_alzheimer_s', 'viewed_count': 1280328}, {'id': 1229, 'hero': 'https://pe.tedcdn.com/images/ted/5d63c106befe8b4c09b275c680cb8721e8569438_800x600.jpg', 'speaker': 'Elizabeth Murchison', 'title': 'Fighting a contagious cancer', 'duration': 783, 'slug': 'elizabeth_murchison', 'viewed_count': 484262}, {'id': 2599, 'hero': 'https://pe.tedcdn.com/images/ted/062e604051dee8553e9cb1652df458b7b50e6497_2880x1620.jpg', 'speaker': 'Adam de la Zerda', 'title': 'We can start winning the war against cancer', 'duration': 762, 'slug': 'adam_de_la_zerda_how_we_can_start_winning_the_war_against_cancer', 'viewed_count': 985098}, {'id': 1343, 'hero': 'https://pe.tedcdn.com/images/ted/265d296685242d49ecc52c84827426a52145b16f_800x600.jpg', 'speaker': 'Bill Doyle', 'title': 'Treating cancer with electric fields', 'duration': 935, 'slug': 'bill_doyle_treating_cancer_with_electric_fields', 'viewed_count': 550708}]",Neuroscience and cancer researcher,"['cancer', 'disease', 'health', 'science', 'technology', 'wunderkind']",Meet the future of cancer research,"https://www.ted.com/talks/eva_vertes_looks_to_the_future_of_medicine",1030267
33,,Physical health,Philosophy,612,"Cambridge researcher Aubrey de Grey argues that aging is merely a disease -- and a curable one at that. Humans age in seven basic ways, he says, all of which can be averted.",1365,TEDGlobal 2005,1121299200,29,Aubrey de Grey,Aubrey de Grey: A roadmap to end aging,1,1159747860,"[{'id': 21, 'name': 'Unconvincing', 'count': 309}, {'id': 7, 'name': 'Funny', 'count': 215}, {'id': 3, 'name': 'Courageous', 'count': 350}, {'id': 11, 'name': 'Longwinded', 'count': 215}, {'id': 2, 'name': 'Confusing', 'count': 206}, {'id': 9, 'name': 'Ingenious', 'count': 297}, {'id': 1, 'name': 'Beautiful', 'count': 65}, {'id': 8, 'name': 'Informative', 'count': 536}, {'id': 10, 'name': 'Inspiring', 'count': 518}, {'id': 22, 'name': 'Fascinating', 'count': 812}, {'id': 24, 'name': 'Persuasive', 'count': 1359}, {'id': 25, 'name': 'OK', 'count': 145}, {'id': 23, 'name': 'Jaw-dropping', 'count': 337}, {'id': 26, 'name': 'Obnoxious', 'count': 120}]","[{'id': 252, 'hero': 'https://pe.tedcdn.com/images/ted/710309c2012fbc73930b26a7fe6a2e2cc8e7b982_2880x1620.jpg', 'speaker': 'Dean Ornish', 'title': 'Your genes are not your fate', 'duration': 192, 'slug': 'dean_ornish_says_your_genes_are_not_your_fate', 'viewed_count': 1384322}, {'id': 142, 'hero': 'https://pe.tedcdn.com/images/ted/bd6a41c08b773bcca10fe0b1a78176457dd10081_2880x1620.jpg', 'speaker': 'Alan Russell', 'title': 'The potential of regenerative medicine', 'duration': 1165, 'slug': 'alan_russell_on_regenerating_our_bodies', 'viewed_count': 1427719}, {'id': 12, 'hero': 'https://pe.tedcdn.com/images/ted/b791af59765342190669b0b21c3a49120f8903c0_2880x1620.jpg', 'speaker': 'Eva Vertes', 'title': 'Meet the future of cancer research', 'duration': 1129, 'slug': 'eva_vertes_looks_to_the_future_of_medicine', 'viewed_count': 1030267}, {'id': 2315, 'hero': 'https://pe.tedcdn.com/images/ted/7218c06bc138047a2e771b0d9d21ef6b9d2b1ec8_2880x1620.jpg', 'speaker': 'Tony Wyss-Coray', 'title': 'How young blood might help reverse aging. Yes, really', 'duration': 815, 'slug': 'tony_wyss_coray_how_young_blood_might_help_reverse_aging_yes_really', 'viewed_count': 1488812}, {'id': 44, 'hero': 'https://pe.tedcdn.com/images/ted/c331eb763dfc01984cd1e0c42c6d8d24c5731578_1600x1200.jpg', 'speaker': 'Nick Bostrom', 'title': 'A philosophical quest for our biggest problems', 'duration': 1012, 'slug': 'nick_bostrom_on_our_biggest_problems', 'viewed_count': 762263}, {'id': 515, 'hero': 'https://pe.tedcdn.com/images/ted/6fbafd80d79e2de8e034457ad118ea3fba0c6884_2880x1620.jpg', 'speaker': 'Gregory Stock', 'title': 'To upgrade is human', 'duration': 1071, 'slug': 'gregory_stock_to_upgrade_is_human', 'viewed_count': 497446}]",Crusader against aging,"['aging', 'biotech', 'disease', 'engineering', 'future', 'health care', 'science', 'technology']",A roadmap to end aging,"https://www.ted.com/talks/aubrey_de_grey_says_we_can_avoid_aging",3277740
34,Entrepreneurship,Social justice ,Cross-cultural business,74,"Iqbal Quadir tells how his experiences as a kid in poor Bangladesh, and later as a banker in New York, led him to start a mobile phone operator connecting 80 million rural Bangladeshi -- and to become a champion of bottom-up development.",952,TEDGlobal 2005,1121212800,21,Iqbal Quadir,Iqbal Quadir: How mobile phones can fight poverty,1,1160439060,"[{'id': 9, 'name': 'Ingenious', 'count': 112}, {'id': 2, 'name': 'Confusing', 'count': 11}, {'id': 11, 'name': 'Longwinded', 'count': 16}, {'id': 10, 'name': 'Inspiring', 'count': 164}, {'id': 8, 'name': 'Informative', 'count': 153}, {'id': 22, 'name': 'Fascinating', 'count': 61}, {'id': 3, 'name': 'Courageous', 'count': 55}, {'id': 21, 'name': 'Unconvincing', 'count': 8}, {'id': 24, 'name': 'Persuasive', 'count': 66}, {'id': 25, 'name': 'OK', 'count': 32}, {'id': 1, 'name': 'Beautiful', 'count': 6}, {'id': 23, 'name': 'Jaw-dropping', 'count': 18}, {'id': 26, 'name': 'Obnoxious', 'count': 3}, {'id': 7, 'name': 'Funny', 'count': 1}]","[{'id': 270, 'hero': 'https://pe.tedcdn.com/images/ted/1cffd7f06b5754232bc90a0ca15b1339487d7200_2400x1800.jpg', 'speaker': 'Paul Collier', 'title': 'The ""bottom billion""', 'duration': 1011, 'slug': 'paul_collier_shares_4_ways_to_help_the_bottom_billion', 'viewed_count': 990215}, {'id': 157, 'hero': 'https://pe.tedcdn.com/images/ted/be5c07718e417a0d20210bc62a322a1bca977df2_1600x1200.jpg', 'speaker': 'Jacqueline Novogratz', 'title': 'Patient capitalism', 'duration': 1103, 'slug': 'jacqueline_novogratz_on_patient_capitalism', 'viewed_count': 836268}, {'id': 288, 'hero': 'https://pe.tedcdn.com/images/ted/46407_480x360.jpg', 'speaker': 'Nicholas Negroponte', 'title': 'One Laptop per Child, two years on', 'duration': 1000, 'slug': 'nicholas_negroponte_on_one_laptop_per_child_two_years_on', 'viewed_count': 398641}, {'id': 1599, 'hero': 'https://pe.tedcdn.com/images/ted/a994993cb3b32f9c67b6578549015f392c163a7f_1600x1200.jpg', 'speaker': 'Sanjay Pradhan', 'title': 'How open data is changing international aid', 'duration': 866, 'slug': 'sanjay_pradhan_how_open_data_is_changing_international_aid', 'viewed_count': 488465}, {'id': 2105, 'hero': 'https://pe.tedcdn.com/images/ted/d064519dc0c65e9a49384e33ccb006fecf9e76dd_2880x1620.jpg', 'speaker': 'Dilip Ratha', 'title': 'The hidden force in global economics: sending money home', 'duration': 1019, 'slug': 'dilip_ratha_the_hidden_force_in_global_economics_sending_money_home', 'viewed_count': 1281443}, {'id': 2114, 'hero': 'https://pe.tedcdn.com/images/ted/ce2d442216b0cd4d8eb2794f3620624316232c42_2880x1620.jpg', 'speaker': 'Joy Sun', 'title': 'Should you donate differently?', 'duration': 455, 'slug': 'joy_sun_should_you_donate_differently', 'viewed_count': 1218113}]","Founder, GrameenPhone","['alternative energy', 'business', 'communication', 'culture', 'global development', 'global issues', 'invention', 'investment', 'microfinance', 'poverty', 'technology', 'telecom', 'transportation']",How mobile phones can fight poverty,"https://www.ted.com/talks/iqbal_quadir_says_mobiles_fight_poverty",503517
35,,Globalisation,Social justice ,58,"Jacqueline Novogratz applauds the world's heightened interest in Africa and poverty, but argues persuasively for a new approach.",773,TEDGlobal 2005,1120176000,26,Jacqueline Novogratz,Jacqueline Novogratz: Invest in Africa's own solutions,1,1160439060,"[{'id': 1, 'name': 'Beautiful', 'count': 60}, {'id': 3, 'name': 'Courageous', 'count': 53}, {'id': 21, 'name': 'Unconvincing', 'count': 16}, {'id': 9, 'name': 'Ingenious', 'count': 30}, {'id': 8, 'name': 'Informative', 'count': 138}, {'id': 10, 'name': 'Inspiring', 'count': 260}, {'id': 22, 'name': 'Fascinating', 'count': 62}, {'id': 2, 'name': 'Confusing', 'count': 4}, {'id': 24, 'name': 'Persuasive', 'count': 92}, {'id': 23, 'name': 'Jaw-dropping', 'count': 6}, {'id': 25, 'name': 'OK', 'count': 21}, {'id': 7, 'name': 'Funny', 'count': 5}, {'id': 11, 'name': 'Longwinded', 'count': 5}, {'id': 26, 'name': 'Obnoxious', 'count': 3}]","[{'id': 2213, 'hero': 'https://pe.tedcdn.com/images/ted/b43f4140e2ce0de093c92c5c2894aca04c5f2ce3_2880x1620.jpg', 'speaker': 'Sangu Delle', 'title': 'In praise of macro -- yes, macro -- finance in Africa', 'duration': 353, 'slug': 'sangu_delle_in_praise_of_macro_yes_macro_finance_in_africa', 'viewed_count': 955531}, {'id': 154, 'hero': 'https://pe.tedcdn.com/images/ted/13909_480x360.jpg', 'speaker': 'Euvin Naidoo', 'title': 'Why invest in Africa', 'duration': 1141, 'slug': 'euvin_naidoo_on_investing_in_africa', 'viewed_count': 335084}, {'id': 127, 'hero': 'https://pe.tedcdn.com/images/ted/5cd871dcf27ba4288021c2bfe6a3f6796dab2538_2880x1620.jpg', 'speaker': 'Ngozi Okonjo-Iweala', 'title': 'Want to help Africa? Do business here', 'duration': 1213, 'slug': 'ngozi_okonjo_iweala_on_doing_business_in_africa', 'viewed_count': 1044183}, {'id': 157, 'hero': 'https://pe.tedcdn.com/images/ted/be5c07718e417a0d20210bc62a322a1bca977df2_1600x1200.jpg', 'speaker': 'Jacqueline Novogratz', 'title': 'Patient capitalism', 'duration': 1103, 'slug': 'jacqueline_novogratz_on_patient_capitalism', 'viewed_count': 836268}, {'id': 847, 'hero': 'https://pe.tedcdn.com/images/ted/167669_800x600.jpg', 'speaker': 'Esther Duflo', 'title': 'Social experiments to fight poverty', 'duration': 1007, 'slug': 'esther_duflo_social_experiments_to_fight_poverty', 'viewed_count': 876283}, {'id': 644, 'hero': 'https://pe.tedcdn.com/images/ted/118085_800x600.jpg', 'speaker': 'Jacqueline Novogratz', 'title': 'A third way to think about aid', 'duration': 1024, 'slug': 'jacqueline_novogratz_a_third_way_to_think_about_aid', 'viewed_count': 436142}]",Investor and advocate for moral leadership,"['Africa', 'TED Brain Trust', 'business', 'culture', 'entrepreneur', 'global development', 'investment', 'microfinance', 'philanthropy', 'poverty']",Invest in Africa's own solutions,"https://www.ted.com/talks/jacqueline_novogratz_invests_in_ending_poverty",705389
36,Political philosophy,Journalism,Journalism,43,"A free press -- papers, magazines, radio, TV, blogs -- is the backbone of any true democracy (and a vital watchdog on business). Sasa Vucinic, a journalist from Belgrade, talks about his new fund, which supports media by selling ""free press bonds.""",1080,TEDGlobal 2005,1121299200,21,Sasa Vucinic,Sasa Vucinic: Why we should invest in a free press,1,1161130260,"[{'id': 11, 'name': 'Longwinded', 'count': 31}, {'id': 9, 'name': 'Ingenious', 'count': 42}, {'id': 8, 'name': 'Informative', 'count': 101}, {'id': 10, 'name': 'Inspiring', 'count': 71}, {'id': 22, 'name': 'Fascinating', 'count': 27}, {'id': 25, 'name': 'OK', 'count': 25}, {'id': 3, 'name': 'Courageous', 'count': 53}, {'id': 24, 'name': 'Persuasive', 'count': 51}, {'id': 2, 'name': 'Confusing', 'count': 11}, {'id': 26, 'name': 'Obnoxious', 'count': 4}, {'id': 23, 'name': 'Jaw-dropping', 'count': 3}, {'id': 21, 'name': 'Unconvincing', 'count': 4}, {'id': 7, 'name': 'Funny', 'count': 1}, {'id': 1, 'name': 'Beautiful', 'count': 11}]","[{'id': 91, 'hero': 'https://pe.tedcdn.com/images/ted/154_480x360.jpg', 'speaker': 'Jacqueline Novogratz', 'title': ""Invest in Africa's own solutions"", 'duration': 773, 'slug': 'jacqueline_novogratz_invests_in_ending_poverty', 'viewed_count': 705389}, {'id': 170, 'hero': 'https://pe.tedcdn.com/images/ted/6c776fd5e394897a8782ff635a2ec1eb4c9c5ade_1600x1200.jpg', 'speaker': 'Jeff Skoll', 'title': 'My journey into movies that matter', 'duration': 931, 'slug': 'jeff_skoll_makes_movies_that_make_change', 'viewed_count': 727247}, {'id': 23, 'hero': 'https://pe.tedcdn.com/images/ted/bea28f4156d498d4a66aee228e0bb8fbf0dd4cb4_2880x1620.jpg', 'speaker': 'Peter Gabriel', 'title': 'Fight injustice with raw video', 'duration': 848, 'slug': 'peter_gabriel_fights_injustice_with_video', 'viewed_count': 904215}, {'id': 1066, 'hero': 'https://pe.tedcdn.com/images/ted/fcdff4adc05059acc261fc024b6f7f77cede029a_1600x1200.jpg', 'speaker': 'Johanna Blakley', 'title': 'Social media and the end of gender', 'duration': 507, 'slug': 'johanna_blakley_social_media_and_the_end_of_gender', 'viewed_count': 1272256}, {'id': 983, 'hero': 'https://pe.tedcdn.com/images/ted/207421_800x600.jpg', 'speaker': 'Jessica Jackley', 'title': 'Poverty, money -- and love', 'duration': 1113, 'slug': 'jessica_jackley_poverty_money_and_love', 'viewed_count': 1359592}, {'id': 2835, 'hero': 'https://pe.tedcdn.com/images/ted/9bc640b20279407210057ac27fcdb7c5164151df_2880x1620.jpg', 'speaker': 'Alexander Wagner', 'title': 'What really motivates people to be honest in business', 'duration': 808, 'slug': 'alexander_wagner_what_really_motivates_people_to_be_honest_in_business', 'viewed_count': 616210}]",Nonprofit venture capitalist,"['business', 'culture', 'global issues', 'investment', 'media', 'philanthropy']",Why we should invest in a free press,"https://www.ted.com/talks/sasa_vucinic_invests_in_free_press",580891
37,International development,Design,Social justice ,67,"Ashraf Ghani's passionate and powerful 10-minute talk, emphasizing the necessity of both economic investment and design ingenuity to rebuild broken states, is followed by a conversation with TED curator Chris Anderson on the future of Afghanistan.",1125,TEDGlobal 2005,1121126400,24,Ashraf Ghani,Ashraf Ghani: How to rebuild a broken state,1,1161130260,"[{'id': 3, 'name': 'Courageous', 'count': 139}, {'id': 2, 'name': 'Confusing', 'count': 25}, {'id': 1, 'name': 'Beautiful', 'count': 48}, {'id': 9, 'name': 'Ingenious', 'count': 31}, {'id': 21, 'name': 'Unconvincing', 'count': 35}, {'id': 11, 'name': 'Longwinded', 'count': 21}, {'id': 8, 'name': 'Informative', 'count': 218}, {'id': 10, 'name': 'Inspiring', 'count': 113}, {'id': 22, 'name': 'Fascinating', 'count': 44}, {'id': 25, 'name': 'OK', 'count': 51}, {'id': 23, 'name': 'Jaw-dropping', 'count': 35}, {'id': 24, 'name': 'Persuasive', 'count': 112}, {'id': 7, 'name': 'Funny', 'count': 9}, {'id': 26, 'name': 'Obnoxious', 'count': 11}]","[{'id': 127, 'hero': 'https://pe.tedcdn.com/images/ted/5cd871dcf27ba4288021c2bfe6a3f6796dab2538_2880x1620.jpg', 'speaker': 'Ngozi Okonjo-Iweala', 'title': 'Want to help Africa? Do business here', 'duration': 1213, 'slug': 'ngozi_okonjo_iweala_on_doing_business_in_africa', 'viewed_count': 1044183}, {'id': 1929, 'hero': 'https://pe.tedcdn.com/images/ted/82bbf525e7b13a879e6b7299303ec510f7ceb9fb_1600x1200.jpg', 'speaker': 'Michael Metcalfe', 'title': 'We need money for aid. So let‰Ûªs print it.', 'duration': 864, 'slug': 'michael_metcalfe_we_need_money_for_aid_so_let_s_print_it', 'viewed_count': 756965}, {'id': 584, 'hero': 'https://pe.tedcdn.com/images/ted/98530_800x600.jpg', 'speaker': 'Paul Collier', 'title': 'New rules for rebuilding a broken nation', 'duration': 994, 'slug': 'paul_collier_s_new_rules_for_rebuilding_a_broken_nation', 'viewed_count': 406525}, {'id': 1196, 'hero': 'https://pe.tedcdn.com/images/ted/7bb5389d0360ef7905de6b6a017b7ce836ad673d_800x600.jpg', 'speaker': 'Rory Stewart', 'title': 'Time to end the war in Afghanistan', 'duration': 1202, 'slug': 'rory_stewart_time_to_end_the_war_in_afghanistan', 'viewed_count': 659270}, {'id': 270, 'hero': 'https://pe.tedcdn.com/images/ted/1cffd7f06b5754232bc90a0ca15b1339487d7200_2400x1800.jpg', 'speaker': 'Paul Collier', 'title': 'The ""bottom billion""', 'duration': 1011, 'slug': 'paul_collier_shares_4_ways_to_help_the_bottom_billion', 'viewed_count': 990214}, {'id': 2806, 'hero': 'https://pe.tedcdn.com/images/ted/f26393b438dfc2ed8c8ae66d0c7291ac08629153_2880x1620.jpg', 'speaker': 'Jim Yong Kim', 'title': ""Doesn't everyone deserve a chance at a good life?"", 'duration': 1332, 'slug': 'jim_yong_kim_doesn_t_everyone_deserve_a_chance_at_a_good_life', 'viewed_count': 1341183}]",President-elect of Afghanistan,"['business', 'corruption', 'culture', 'economics', 'entrepreneur', 'global development', 'global issues', 'investment', 'military', 'policy', 'politics', 'poverty']",How to rebuild a broken state,"https://www.ted.com/talks/ashraf_ghani_on_rebuilding_broken_states",809226
38,Design,Engineering,Leadership,186,"In this passionate talk, legendary spacecraft designer Burt Rutan lambasts the US government-funded space program for stagnating and asks entrepreneurs to pick up where NASA has left off.",1177,TED2006,1140739200,28,Burt Rutan,Burt Rutan: The real future of space exploration,1,1161735060,"[{'id': 3, 'name': 'Courageous', 'count': 168}, {'id': 1, 'name': 'Beautiful', 'count': 30}, {'id': 7, 'name': 'Funny', 'count': 63}, {'id': 9, 'name': 'Ingenious', 'count': 86}, {'id': 21, 'name': 'Unconvincing', 'count': 77}, {'id': 2, 'name': 'Confusing', 'count': 23}, {'id': 8, 'name': 'Informative', 'count': 336}, {'id': 10, 'name': 'Inspiring', 'count': 498}, {'id': 22, 'name': 'Fascinating', 'count': 247}, {'id': 11, 'name': 'Longwinded', 'count': 70}, {'id': 25, 'name': 'OK', 'count': 115}, {'id': 23, 'name': 'Jaw-dropping', 'count': 63}, {'id': 24, 'name': 'Persuasive', 'count': 198}, {'id': 26, 'name': 'Obnoxious', 'count': 47}]","[{'id': 141, 'hero': 'https://pe.tedcdn.com/images/ted/cb75ec0e37f0a14dc0da2929ff640b0c5c4099ec_2880x1620.jpg', 'speaker': 'Bill Stone', 'title': ""I'm going to the moon. Who's with me?"", 'duration': 1063, 'slug': 'bill_stone_explores_the_earth_and_space', 'viewed_count': 1801116}, {'id': 264, 'hero': 'https://pe.tedcdn.com/images/ted/c1a2bf701aa20eb6fe1ce272c403045590989e91_2880x1620.jpg', 'speaker': 'Robert Ballard', 'title': 'The astonishing hidden world of the deep ocean', 'duration': 1099, 'slug': 'robert_ballard_on_exploring_the_oceans', 'viewed_count': 1281565}, {'id': 335, 'hero': 'https://pe.tedcdn.com/images/ted/50987_480x360.jpg', 'speaker': 'Peter Diamandis', 'title': 'Our next giant leap', 'duration': 931, 'slug': 'peter_diamandis_on_our_next_giant_leap', 'viewed_count': 504506}, {'id': 1260, 'hero': 'https://pe.tedcdn.com/images/ted/f9875448d96cf52c35156d85e983ff7f4df3ebdc_800x600.jpg', 'speaker': 'Anna Mracek Dietrich', 'title': 'A plane you can drive', 'duration': 578, 'slug': 'anna_mracek_dietrich_a_plane_you_can_drive', 'viewed_count': 924756}, {'id': 1402, 'hero': 'https://pe.tedcdn.com/images/ted/2335b2e44dc456891306c79c91e11ecc627ea85b_800x600.jpg', 'speaker': 'Regina Dugan', 'title': 'From mach-20 glider to hummingbird drone', 'duration': 1501, 'slug': 'regina_dugan_from_mach_20_glider_to_humming_bird_drone', 'viewed_count': 1618427}, {'id': 176, 'hero': 'https://pe.tedcdn.com/images/ted/0c046588ba1c2e2ed0a00ce494173e41fd00bc96_800x600.jpg', 'speaker': 'Paul MacCready', 'title': 'A flight on solar wings', 'duration': 1280, 'slug': 'paul_maccready_flies_on_solar_wings', 'viewed_count': 736288}]",Aircraft engineer,"['NASA', 'aircraft', 'business', 'design', 'engineering', 'entrepreneur', 'flight', 'industrial design', 'invention', 'rocket science']",The real future of space exploration,"https://www.ted.com/talks/burt_rutan_sees_the_future_of_space",2028451
39,,Emotional wellness,Travel,57,"Arctic explorer Ben Saunders recounts his harrowing solo ski trek to the North Pole, complete with engaging anecdotes, gorgeous photos and never-before-seen video.",1083,TED2005,1109203200,26,Ben Saunders,Ben Saunders: Why did I ski to the North Pole?,1,1161735060,"[{'id': 7, 'name': 'Funny', 'count': 80}, {'id': 3, 'name': 'Courageous', 'count': 274}, {'id': 1, 'name': 'Beautiful', 'count': 44}, {'id': 21, 'name': 'Unconvincing', 'count': 18}, {'id': 8, 'name': 'Informative', 'count': 44}, {'id': 10, 'name': 'Inspiring', 'count': 288}, {'id': 22, 'name': 'Fascinating', 'count': 124}, {'id': 23, 'name': 'Jaw-dropping', 'count': 74}, {'id': 25, 'name': 'OK', 'count': 20}, {'id': 24, 'name': 'Persuasive', 'count': 22}, {'id': 26, 'name': 'Obnoxious', 'count': 7}, {'id': 9, 'name': 'Ingenious', 'count': 7}, {'id': 11, 'name': 'Longwinded', 'count': 10}, {'id': 2, 'name': 'Confusing', 'count': 1}]","[{'id': 2292, 'hero': 'https://pe.tedcdn.com/images/ted/5151fba66ae3761b5d67cb2d95fa28335b0cb70f_2880x1620.jpg', 'speaker': 'Dame Ellen MacArthur', 'title': 'The surprising thing I learned sailing solo around the world', 'duration': 1007, 'slug': 'dame_ellen_macarthur_the_surprising_thing_i_learned_sailing_solo_around_the_world', 'viewed_count': 1566300}, {'id': 627, 'hero': 'https://pe.tedcdn.com/images/ted/111233_800x600.jpg', 'speaker': 'Steve Truglia', 'title': 'A leap from the edge of space', 'duration': 870, 'slug': 'steve_truglia_a_leap_from_the_edge_of_space', 'viewed_count': 571891}, {'id': 2255, 'hero': 'https://pe.tedcdn.com/images/ted/0438f3c9c66aff53ca7b549459d6e081dd7bea6f_2880x1620.jpg', 'speaker': 'Chris Burkard', 'title': 'The joy of surfing in ice-cold water', 'duration': 582, 'slug': 'chris_burkard_the_joy_of_surfing_in_ice_cold_water', 'viewed_count': 1773601}, {'id': 2143, 'hero': 'https://pe.tedcdn.com/images/ted/19acb8a01d4b356a1f793c4767f945d5767c4341_2880x1620.jpg', 'speaker': 'Ben Saunders', 'title': 'To the South Pole and back ‰ÛÓ the hardest 105 days of my life', 'duration': 1024, 'slug': 'ben_saunders_to_the_south_pole_and_back_the_hardest_105_days_of_my_life', 'viewed_count': 1051166}, {'id': 1631, 'hero': 'https://pe.tedcdn.com/images/ted/d6523fdff934851fdba2cfb3c13202a2ba0b68f9_1600x1200.jpg', 'speaker': 'Ben Saunders', 'title': 'Why bother leaving the house?', 'duration': 637, 'slug': 'ben_saunders_why_bother_leaving_the_house', 'viewed_count': 1778713}, {'id': 2165, 'hero': 'https://pe.tedcdn.com/images/ted/90685a6e5a6f5c4df098ee2b9b869a686101fd86_2880x1620.jpg', 'speaker': 'Robert Swan', 'title': ""Let's save the last pristine continent"", 'duration': 962, 'slug': 'robert_swan_let_s_save_the_last_pristine_continent', 'viewed_count': 972804}]",Arctic explorer,"['climate change', 'culture', 'exploration', 'global issues', 'personal growth', 'potential', 'sports', 'technology', 'travel']",Why did I ski to the North Pole?,"https://www.ted.com/talks/ben_saunders_skis_to_the_north_pole",745231
40,,Globalisation,Social justice ,112,"Musician and activist Bono accepts the 2005 TED Prize with a riveting talk, arguing that aid to Africa isn't just another celebrity cause; it's a global emergency.",1672,TED2005,1109203200,24,Bono,Bono: My wish: Three actions for Africa,1,1162253460,"[{'id': 11, 'name': 'Longwinded', 'count': 41}, {'id': 1, 'name': 'Beautiful', 'count': 68}, {'id': 2, 'name': 'Confusing', 'count': 12}, {'id': 3, 'name': 'Courageous', 'count': 104}, {'id': 7, 'name': 'Funny', 'count': 26}, {'id': 21, 'name': 'Unconvincing', 'count': 30}, {'id': 8, 'name': 'Informative', 'count': 80}, {'id': 10, 'name': 'Inspiring', 'count': 294}, {'id': 22, 'name': 'Fascinating', 'count': 51}, {'id': 24, 'name': 'Persuasive', 'count': 145}, {'id': 9, 'name': 'Ingenious', 'count': 22}, {'id': 23, 'name': 'Jaw-dropping', 'count': 39}, {'id': 25, 'name': 'OK', 'count': 24}, {'id': 26, 'name': 'Obnoxious', 'count': 33}]","[{'id': 156, 'hero': 'https://pe.tedcdn.com/images/ted/14194_480x360.jpg', 'speaker': 'Patrick Awuah', 'title': 'How to educate leaders? Liberal arts', 'duration': 1051, 'slug': 'patrick_awuah_on_educating_leaders', 'viewed_count': 1216420}, {'id': 157, 'hero': 'https://pe.tedcdn.com/images/ted/be5c07718e417a0d20210bc62a322a1bca977df2_1600x1200.jpg', 'speaker': 'Jacqueline Novogratz', 'title': 'Patient capitalism', 'duration': 1103, 'slug': 'jacqueline_novogratz_on_patient_capitalism', 'viewed_count': 836268}, {'id': 127, 'hero': 'https://pe.tedcdn.com/images/ted/5cd871dcf27ba4288021c2bfe6a3f6796dab2538_2880x1620.jpg', 'speaker': 'Ngozi Okonjo-Iweala', 'title': 'Want to help Africa? Do business here', 'duration': 1213, 'slug': 'ngozi_okonjo_iweala_on_doing_business_in_africa', 'viewed_count': 1044183}, {'id': 330, 'hero': 'https://pe.tedcdn.com/images/ted/19233802c46fcd0496477770b98430e07361f4e3_2880x1620.jpg', 'speaker': 'Ory Okolloh', 'title': 'How I became an activist', 'duration': 998, 'slug': 'ory_okolloh_on_becoming_an_activist', 'viewed_count': 321894}, {'id': 154, 'hero': 'https://pe.tedcdn.com/images/ted/13909_480x360.jpg', 'speaker': 'Euvin Naidoo', 'title': 'Why invest in Africa', 'duration': 1141, 'slug': 'euvin_naidoo_on_investing_in_africa', 'viewed_count': 335084}, {'id': 2560, 'hero': 'https://pe.tedcdn.com/images/ted/55c25b42a0b5f2372d037f3ec0b957c01b021dae_2880x1620.jpg', 'speaker': 'Ngozi Okonjo-Iweala', 'title': 'How Africa can keep rising', 'duration': 923, 'slug': 'ngozi_okonjo_iweala_how_africa_can_keep_rising', 'viewed_count': 778796}]","Musician, activist","['AIDS', 'Africa', 'activism', 'entertainment', 'global issues', 'philanthropy', 'poverty', 'social change']",My wish: Three actions for Africa,"https://www.ted.com/talks/bono_s_call_to_action_for_africa",718649
41,,Globalisation,Photography,58,"Accepting his 2005 TED Prize, photographer Edward Burtynsky makes a wish: that his images -- stunning landscapes that document humanity's impact on the world -- help persuade millions to join a global conversation on sustainability.",2065,TED2005,1108598400,22,Edward Burtynsky,Edward Burtynsky: My wish: Manufactured landscapes and green education,1,1162253460,"[{'id': 1, 'name': 'Beautiful', 'count': 106}, {'id': 3, 'name': 'Courageous', 'count': 52}, {'id': 11, 'name': 'Longwinded', 'count': 58}, {'id': 10, 'name': 'Inspiring', 'count': 158}, {'id': 8, 'name': 'Informative', 'count': 184}, {'id': 2, 'name': 'Confusing', 'count': 11}, {'id': 22, 'name': 'Fascinating', 'count': 149}, {'id': 7, 'name': 'Funny', 'count': 8}, {'id': 9, 'name': 'Ingenious', 'count': 20}, {'id': 23, 'name': 'Jaw-dropping', 'count': 95}, {'id': 25, 'name': 'OK', 'count': 27}, {'id': 24, 'name': 'Persuasive', 'count': 64}, {'id': 21, 'name': 'Unconvincing', 'count': 10}, {'id': 26, 'name': 'Obnoxious', 'count': 10}]","[{'id': 279, 'hero': 'https://pe.tedcdn.com/images/ted/a45ebc06469fff6ba784f2878add0c0f44e953ea_2880x1620.jpg', 'speaker': 'Chris Jordan', 'title': 'Turning powerful stats into art', 'duration': 674, 'slug': 'chris_jordan_pictures_some_shocking_stats', 'viewed_count': 1520084}, {'id': 84, 'hero': 'https://pe.tedcdn.com/images/ted/1996_480x360.jpg', 'speaker': 'James Nachtwey', 'title': 'My wish: Let my photographs bear witness', 'duration': 1316, 'slug': 'james_nachtwey_s_searing_pictures_of_war', 'viewed_count': 1262673}, {'id': 40, 'hero': 'https://pe.tedcdn.com/images/ted/381_480x360.jpg', 'speaker': 'Frans Lanting', 'title': 'The story of life in photographs', 'duration': 977, 'slug': 'frans_lanting_s_lyrical_nature_photos', 'viewed_count': 1697180}, {'id': 1236, 'hero': 'https://pe.tedcdn.com/images/ted/01729290f828b76e91f30e5e7ade70e7d54d256c_800x600.jpg', 'speaker': 'Yang Lan', 'title': ""The generation that's remaking China"", 'duration': 1034, 'slug': 'yang_lan', 'viewed_count': 1776784}, {'id': 1554, 'hero': 'https://pe.tedcdn.com/images/ted/216a357b70872c46a8a8f6cb89d0781a9281da36_1600x1200.jpg', 'speaker': 'Leslie T. Chang', 'title': ""The voices of China's workers"", 'duration': 865, 'slug': 'leslie_t_chang_the_voices_of_china_s_workers', 'viewed_count': 1362038}, {'id': 634, 'hero': 'https://pe.tedcdn.com/images/ted/115554_800x600.jpg', 'speaker': 'Bjarke Ingels', 'title': '3 warp-speed architecture tales', 'duration': 1094, 'slug': 'bjarke_ingels_3_warp_speed_architecture_tales', 'viewed_count': 2129910}]",Photographer,"['TED Prize', 'art', 'cities', 'culture', 'design', 'environment', 'photography', 'pollution', 'social change']",My wish: Manufactured landscapes and green education,"https://www.ted.com/talks/edward_burtynsky_on_manufactured_landscapes",975107
42,,Innovation,Entrepreneurship,33,"Accepting his 2005 TED Prize, inventor Robert Fischell makes three wishes: redesigning a portable device that treats migraines, finding new cures for clinical depression and reforming the medical malpractice system.",1609,TED2005,1109203200,20,Robert Fischell,Robert Fischell: My wish: Three unusual medical inventions,1,1162253460,"[{'id': 9, 'name': 'Ingenious', 'count': 126}, {'id': 8, 'name': 'Informative', 'count': 115}, {'id': 1, 'name': 'Beautiful', 'count': 6}, {'id': 11, 'name': 'Longwinded', 'count': 18}, {'id': 2, 'name': 'Confusing', 'count': 4}, {'id': 10, 'name': 'Inspiring', 'count': 48}, {'id': 22, 'name': 'Fascinating', 'count': 74}, {'id': 3, 'name': 'Courageous', 'count': 11}, {'id': 25, 'name': 'OK', 'count': 23}, {'id': 26, 'name': 'Obnoxious', 'count': 8}, {'id': 24, 'name': 'Persuasive', 'count': 27}, {'id': 23, 'name': 'Jaw-dropping', 'count': 18}, {'id': 21, 'name': 'Unconvincing', 'count': 20}, {'id': 7, 'name': 'Funny', 'count': 1}]","[{'id': 82, 'hero': 'https://pe.tedcdn.com/images/ted/15238_480x360.jpg', 'speaker': 'Dean Kamen', 'title': 'Luke, a new prosthetic arm for soldiers', 'duration': 310, 'slug': 'dean_kamen_previews_a_new_prosthetic_arm', 'viewed_count': 1575695}, {'id': 142, 'hero': 'https://pe.tedcdn.com/images/ted/bd6a41c08b773bcca10fe0b1a78176457dd10081_2880x1620.jpg', 'speaker': 'Alan Russell', 'title': 'The potential of regenerative medicine', 'duration': 1165, 'slug': 'alan_russell_on_regenerating_our_bodies', 'viewed_count': 1427719}, {'id': 280, 'hero': 'https://pe.tedcdn.com/images/ted/8797510dd2c00e81d277493d9ca173f6ea5de0ec_2880x1620.jpg', 'speaker': 'Robert Full', 'title': 'Robots inspired by cockroach ingenuity', 'duration': 1222, 'slug': 'robert_full_on_engineering_and_evolution', 'viewed_count': 799791}, {'id': 1717, 'hero': 'https://pe.tedcdn.com/images/ted/a94a473fdf524014a80d4bb19a4b159543679fa4_1600x1200.jpg', 'speaker': 'Andres Lozano', 'title': ""Parkinson's, depression and the switch that might turn them off"", 'duration': 934, 'slug': 'andres_lozano_parkinson_s_depression_and_the_switch_that_might_turn_them_off', 'viewed_count': 1303126}, {'id': 1297, 'hero': 'https://pe.tedcdn.com/images/ted/af1525f66bfdd85294d1b7b195aeafe3a469c5c2_800x600.jpg', 'speaker': 'Yoav Medan', 'title': 'Ultrasound surgery -- healing without cuts', 'duration': 973, 'slug': 'yoav_medan_ultrasound_surgery_healing_without_cuts', 'viewed_count': 698380}, {'id': 2555, 'hero': 'https://pe.tedcdn.com/images/ted/553f205b9269955211024b24be4c516ad7c41c2a_2880x1620.jpg', 'speaker': 'Franz Freudenthal', 'title': 'A new way to heal hearts without surgery', 'duration': 568, 'slug': 'franz_freudenthal_a_new_way_to_heal_hearts_without_surgery', 'viewed_count': 1226349}]",Biomedical inventor,"['TED Prize', 'business', 'disease', 'health care', 'invention', 'medicine', 'science', 'technology']",My wish: Three unusual medical inventions,"https://www.ted.com/talks/robert_fischell_on_medical_inventing",382996
43,,Criminal law,Big data,105,Oxford mathematician Peter Donnelly reveals the common mistakes humans make in interpreting statistics -- and the devastating impact these errors can have on the outcome of criminal trials.,1280,TEDGlobal 2005,1121299200,20,Peter Donnelly,Peter Donnelly: How juries are fooled by statistics,1,1162944660,"[{'id': 7, 'name': 'Funny', 'count': 103}, {'id': 2, 'name': 'Confusing', 'count': 67}, {'id': 1, 'name': 'Beautiful', 'count': 13}, {'id': 11, 'name': 'Longwinded', 'count': 98}, {'id': 9, 'name': 'Ingenious', 'count': 106}, {'id': 8, 'name': 'Informative', 'count': 844}, {'id': 10, 'name': 'Inspiring', 'count': 87}, {'id': 22, 'name': 'Fascinating', 'count': 357}, {'id': 24, 'name': 'Persuasive', 'count': 364}, {'id': 23, 'name': 'Jaw-dropping', 'count': 73}, {'id': 25, 'name': 'OK', 'count': 75}, {'id': 3, 'name': 'Courageous', 'count': 15}, {'id': 26, 'name': 'Obnoxious', 'count': 11}, {'id': 21, 'name': 'Unconvincing', 'count': 2}]","[{'id': 92, 'hero': 'https://pe.tedcdn.com/images/ted/e80b905b26a61aba089bd928fc4c2bd4180e836e_2880x1620.jpg', 'speaker': 'Hans Rosling', 'title': ""The best stats you've ever seen"", 'duration': 1190, 'slug': 'hans_rosling_shows_the_best_stats_you_ve_ever_seen', 'viewed_count': 12005884}, {'id': 22, 'hero': 'https://pe.tedcdn.com/images/ted/f9e5462fd10b5130015fab95f3be6ace3e0f4ef4_1600x1200.jpg', 'speaker': 'Michael Shermer', 'title': 'Why people believe weird things', 'duration': 805, 'slug': 'michael_shermer_on_believing_strange_things', 'viewed_count': 5364640}, {'id': 143, 'hero': 'https://pe.tedcdn.com/images/ted/e58b968c458adc84ee220376f1e5eb1e1d6c55e9_2880x1620.jpg', 'speaker': 'Emily Oster', 'title': 'Flip your thinking on AIDS in Africa', 'duration': 934, 'slug': 'emily_oster_flips_our_thinking_on_aids_in_africa', 'viewed_count': 854966}, {'id': 571, 'hero': 'https://pe.tedcdn.com/images/ted/95709_800x600.jpg', 'speaker': 'Robert Full', 'title': ""Learning from the gecko's tail"", 'duration': 714, 'slug': 'robert_full_learning_from_the_gecko_s_tail', 'viewed_count': 665956}, {'id': 2004, 'hero': 'https://pe.tedcdn.com/images/ted/70ee482d06c15e4d3f7db396870384ab35294218_1600x1200.jpg', 'speaker': 'Stephen Friend', 'title': 'The hunt for ""unexpected genetic heroes""', 'duration': 639, 'slug': 'stephen_friend_the_hunt_for_unexpected_genetic_heroes', 'viewed_count': 959382}, {'id': 2835, 'hero': 'https://pe.tedcdn.com/images/ted/9bc640b20279407210057ac27fcdb7c5164151df_2880x1620.jpg', 'speaker': 'Alexander Wagner', 'title': 'What really motivates people to be honest in business', 'duration': 808, 'slug': 'alexander_wagner_what_really_motivates_people_to_be_honest_in_business', 'viewed_count': 616210}]",Mathematician; statistician,"['culture', 'genetics', 'science', 'statistics', 'technology']",How juries are fooled by statistics,"https://www.ted.com/talks/peter_donnelly_shows_how_stats_fool_juries",1053758
44,,Mental health,Psychology ,494,"Why do people see the Virgin Mary on a cheese sandwich or hear demonic lyrics in ""Stairway to Heaven""? Using video and music, skeptic Michael Shermer shows how we convince ourselves to believe -- and overlook the facts.",805,TED2006,1140652800,41,Michael Shermer,Michael Shermer: Why people believe weird things,1,1162944660,"[{'id': 7, 'name': 'Funny', 'count': 2751}, {'id': 21, 'name': 'Unconvincing', 'count': 151}, {'id': 9, 'name': 'Ingenious', 'count': 509}, {'id': 1, 'name': 'Beautiful', 'count': 136}, {'id': 2, 'name': 'Confusing', 'count': 51}, {'id': 8, 'name': 'Informative', 'count': 1344}, {'id': 10, 'name': 'Inspiring', 'count': 373}, {'id': 22, 'name': 'Fascinating', 'count': 799}, {'id': 3, 'name': 'Courageous', 'count': 109}, {'id': 11, 'name': 'Longwinded', 'count': 37}, {'id': 24, 'name': 'Persuasive', 'count': 1958}, {'id': 23, 'name': 'Jaw-dropping', 'count': 133}, {'id': 25, 'name': 'OK', 'count': 237}, {'id': 26, 'name': 'Obnoxious', 'count': 157}]","[{'id': 666, 'hero': 'https://pe.tedcdn.com/images/ted/75f3b4c9df371bc6e440cc8b13a4441c60bde2bd_1600x1200.jpg', 'speaker': 'David Deutsch', 'title': 'A new way to explain explanation', 'duration': 998, 'slug': 'david_deutsch_a_new_way_to_explain_explanation', 'viewed_count': 938922}, {'id': 2178, 'hero': 'https://pe.tedcdn.com/images/ted/4a47e1575ccd838b9825758e3a59e5c57c317270_2880x1620.jpg', 'speaker': 'Ben Ambridge', 'title': '10 myths about psychology, debunked', 'duration': 895, 'slug': 'ben_ambridge_10_myths_about_psychology_debunked', 'viewed_count': 2446907}, {'id': 333, 'hero': 'https://pe.tedcdn.com/images/ted/52695_480x360.jpg', 'speaker': 'Jonathan Drori', 'title': 'What we think we know', 'duration': 748, 'slug': 'jonathan_drori_on_what_we_think_we_know', 'viewed_count': 1032546}, {'id': 426, 'hero': 'https://pe.tedcdn.com/images/ted/64942_800x600.jpg', 'speaker': 'Kary Mullis', 'title': 'Play! Experiment! Discover!', 'duration': 1772, 'slug': 'kary_mullis_on_what_scientists_do', 'viewed_count': 532759}, {'id': 2032, 'hero': 'https://pe.tedcdn.com/images/ted/a03b16b44edd4c66025791eccad2319363bf1860_2400x1800.jpg', 'speaker': 'Naomi Oreskes', 'title': 'Why we should trust scientists', 'duration': 1154, 'slug': 'naomi_oreskes_why_we_should_believe_in_science', 'viewed_count': 1091038}, {'id': 1827, 'hero': 'https://pe.tedcdn.com/images/ted/e3756431a9232f598715372bb9cdd63fcb008ecb_1600x1200.jpg', 'speaker': 'Stuart Firestein', 'title': 'The pursuit of ignorance', 'duration': 1113, 'slug': 'stuart_firestein_the_pursuit_of_ignorance', 'viewed_count': 1836353}]",Skeptic,"['culture', 'entertainment', 'faith', 'illusion', 'religion', 'science']",Why people believe weird things,"https://www.ted.com/talks/michael_shermer_on_believing_strange_things",5364639
45,Robotics,Engineering,Mental health,233,"Inventor, entrepreneur and visionary Ray Kurzweil explains in abundant, grounded detail why, by the 2020s, we will have reverse-engineered the human brain and nanobots will be operating your consciousness.",1376,TED2005,1109203200,22,Ray Kurzweil,Ray Kurzweil: The accelerating power of technology,1,1163463060,"[{'id': 3, 'name': 'Courageous', 'count': 61}, {'id': 9, 'name': 'Ingenious', 'count': 207}, {'id': 21, 'name': 'Unconvincing', 'count': 111}, {'id': 2, 'name': 'Confusing', 'count': 91}, {'id': 1, 'name': 'Beautiful', 'count': 55}, {'id': 11, 'name': 'Longwinded', 'count': 150}, {'id': 8, 'name': 'Informative', 'count': 806}, {'id': 10, 'name': 'Inspiring', 'count': 388}, {'id': 7, 'name': 'Funny', 'count': 18}, {'id': 22, 'name': 'Fascinating', 'count': 691}, {'id': 23, 'name': 'Jaw-dropping', 'count': 309}, {'id': 24, 'name': 'Persuasive', 'count': 237}, {'id': 25, 'name': 'OK', 'count': 141}, {'id': 26, 'name': 'Obnoxious', 'count': 27}]","[{'id': 19, 'hero': 'https://pe.tedcdn.com/images/ted/7ddac8199e485dc8fe198d34b726f76680e7b86e_2880x1620.jpg', 'speaker': 'Kevin Kelly', 'title': 'How technology evolves', 'duration': 1200, 'slug': 'kevin_kelly_on_how_technology_evolves', 'viewed_count': 1536873}, {'id': 129, 'hero': 'https://pe.tedcdn.com/images/ted/5824aa5b8d490ed3863ee1f8c26731a6ebbfcefe_1600x1200.jpg', 'speaker': 'Blaise AgÌ_era y Arcas', 'title': ""How PhotoSynth can connect the world's images"", 'duration': 450, 'slug': 'blaise_aguera_y_arcas_demos_photosynth', 'viewed_count': 4772595}, {'id': 351, 'hero': 'https://pe.tedcdn.com/images/ted/708fb1016e05e4d0d86e99caaf1202f41c21687e_2880x1620.jpg', 'speaker': 'Marvin Minsky', 'title': 'Health and the human mind', 'duration': 813, 'slug': 'marvin_minsky_on_health_and_the_human_mind', 'viewed_count': 513090}, {'id': 560, 'hero': 'https://pe.tedcdn.com/images/ted/93148_800x600.jpg', 'speaker': 'Ray Kurzweil', 'title': 'A university for the coming singularity', 'duration': 527, 'slug': 'ray_kurzweil_announces_singularity_university', 'viewed_count': 908917}, {'id': 2858, 'hero': 'https://pe.tedcdn.com/images/ted/bad6d87ce767ae008c56bde103deec058846661e_2880x1620.jpg', 'speaker': 'Robin Hanson', 'title': 'What would happen if we upload our brains to computers?', 'duration': 736, 'slug': 'robin_hanson_what_would_happen_if_we_upload_our_brains_to_computers', 'viewed_count': 838684}, {'id': 1346, 'hero': 'https://pe.tedcdn.com/images/ted/cf3f802cc34ca2755770767864d9358cd7139f3a_800x600.jpg', 'speaker': 'Danny Hillis', 'title': 'Back to the future (of 1994)', 'duration': 1150, 'slug': 'danny_hillis_back_to_the_future_of_1994', 'viewed_count': 581407}]","Inventor, futurist","['TED Brain Trust', 'biotech', 'business', 'culture', 'future', 'invention', 'robots', 'science', 'technology']",The accelerating power of technology,"https://www.ted.com/talks/ray_kurzweil_on_how_technology_will_transform_us",2434344
46,,New technology,Biology,149,"Tech enthusiast Kevin Kelly asks ""What does technology want?"" and discovers that its movement toward ubiquity and complexity is much like the evolution of life.",1200,TED2005,1109203200,26,Kevin Kelly,Kevin Kelly: How technology evolves,1,1163463060,"[{'id': 9, 'name': 'Ingenious', 'count': 192}, {'id': 8, 'name': 'Informative', 'count': 269}, {'id': 1, 'name': 'Beautiful', 'count': 52}, {'id': 7, 'name': 'Funny', 'count': 11}, {'id': 2, 'name': 'Confusing', 'count': 87}, {'id': 11, 'name': 'Longwinded', 'count': 147}, {'id': 21, 'name': 'Unconvincing', 'count': 136}, {'id': 10, 'name': 'Inspiring', 'count': 279}, {'id': 22, 'name': 'Fascinating', 'count': 311}, {'id': 3, 'name': 'Courageous', 'count': 34}, {'id': 24, 'name': 'Persuasive', 'count': 1084}, {'id': 25, 'name': 'OK', 'count': 111}, {'id': 23, 'name': 'Jaw-dropping', 'count': 49}, {'id': 26, 'name': 'Obnoxious', 'count': 24}]","[{'id': 319, 'hero': 'https://pe.tedcdn.com/images/ted/84760000a82ad48289066aeca95e7a776e8f39ef_1200x900.jpg', 'speaker': 'Kevin Kelly', 'title': 'The next 5,000 days of the web', 'duration': 1174, 'slug': 'kevin_kelly_on_the_next_5_000_days_of_the_web', 'viewed_count': 1358281}, {'id': 38, 'hero': 'https://pe.tedcdn.com/images/ted/e87f6855a745a988c2dee9ceba6bfbd4f854a3a6_1600x1200.jpg', 'speaker': 'Ray Kurzweil', 'title': 'The accelerating power of technology', 'duration': 1376, 'slug': 'ray_kurzweil_on_how_technology_will_transform_us', 'viewed_count': 2434344}, {'id': 190, 'hero': 'https://pe.tedcdn.com/images/ted/18531_480x360.jpg', 'speaker': 'Jan Chipchase', 'title': 'The anthropology of mobile phones', 'duration': 963, 'slug': 'jan_chipchase_on_our_mobile_phones', 'viewed_count': 694378}, {'id': 770, 'hero': 'https://pe.tedcdn.com/images/ted/151119_800x600.jpg', 'speaker': 'Kevin Kelly', 'title': ""Technology's epic story"", 'duration': 992, 'slug': 'kevin_kelly_tells_technology_s_epic_story', 'viewed_count': 540886}, {'id': 1131, 'hero': 'https://pe.tedcdn.com/images/ted/25f5beb74f39d8d9cc710103ee3e81b23c90b8a9_800x600.jpg', 'speaker': 'Harvey Fineberg', 'title': 'Are we ready for neo-evolution?', 'duration': 1041, 'slug': 'harvey_fineberg_are_we_ready_for_neo_evolution', 'viewed_count': 1021174}, {'id': 72, 'hero': 'https://pe.tedcdn.com/images/ted/399_480x360.jpg', 'speaker': 'Chris Anderson', 'title': ""Technology's long tail"", 'duration': 858, 'slug': 'chris_anderson_of_wired_on_tech_s_long_tail', 'viewed_count': 904519}]",Digital visionary,"['choice', 'culture', 'evolution', 'future', 'history', 'philosophy', 'science', 'technology']",How technology evolves,"https://www.ted.com/talks/kevin_kelly_on_how_technology_evolves",1536873
47,,Music,Social justice ,52,Musician and activist Peter Gabriel shares his very personal motivation for standing up for human rights with the watchdog group WITNESS -- and tells stories of citizen journalists in action.,848,TED2006,1140652800,24,Peter Gabriel,Peter Gabriel: Fight injustice with raw video,1,1165363860,"[{'id': 3, 'name': 'Courageous', 'count': 180}, {'id': 9, 'name': 'Ingenious', 'count': 36}, {'id': 7, 'name': 'Funny', 'count': 5}, {'id': 1, 'name': 'Beautiful', 'count': 23}, {'id': 8, 'name': 'Informative', 'count': 145}, {'id': 10, 'name': 'Inspiring', 'count': 222}, {'id': 11, 'name': 'Longwinded', 'count': 25}, {'id': 21, 'name': 'Unconvincing', 'count': 14}, {'id': 22, 'name': 'Fascinating', 'count': 27}, {'id': 24, 'name': 'Persuasive', 'count': 92}, {'id': 23, 'name': 'Jaw-dropping', 'count': 33}, {'id': 2, 'name': 'Confusing', 'count': 8}, {'id': 25, 'name': 'OK', 'count': 36}, {'id': 26, 'name': 'Obnoxious', 'count': 3}]","[{'id': 75, 'hero': 'https://pe.tedcdn.com/images/ted/cbb85fd640a070fdce1423ec282fff2445100563_1600x1200.jpg', 'speaker': 'Sasa Vucinic', 'title': 'Why we should invest in a free press', 'duration': 1080, 'slug': 'sasa_vucinic_invests_in_free_press', 'viewed_count': 580891}, {'id': 170, 'hero': 'https://pe.tedcdn.com/images/ted/6c776fd5e394897a8782ff635a2ec1eb4c9c5ade_1600x1200.jpg', 'speaker': 'Jeff Skoll', 'title': 'My journey into movies that matter', 'duration': 931, 'slug': 'jeff_skoll_makes_movies_that_make_change', 'viewed_count': 727247}, {'id': 84, 'hero': 'https://pe.tedcdn.com/images/ted/1996_480x360.jpg', 'speaker': 'James Nachtwey', 'title': 'My wish: Let my photographs bear witness', 'duration': 1316, 'slug': 'james_nachtwey_s_searing_pictures_of_war', 'viewed_count': 1262673}, {'id': 171, 'hero': 'https://pe.tedcdn.com/images/ted/16307_480x360.jpg', 'speaker': 'Deborah Scranton', 'title': 'An Iraq war movie crowd-sourced from soldiers', 'duration': 1056, 'slug': 'deborah_scranton_on_her_war_tapes', 'viewed_count': 507997}, {'id': 2142, 'hero': 'https://pe.tedcdn.com/images/ted/31bfa924d8eebdea1b8649c3ffedd12e450a45a5_2880x1620.jpg', 'speaker': 'Oren Yakobovich', 'title': 'Hidden cameras that film injustice in the world‰Ûªs most dangerous places', 'duration': 875, 'slug': 'oren_yakobovich_hidden_cameras_that_film_injustice_in_the_world_s_most_dangerous_places', 'viewed_count': 1104812}, {'id': 386, 'hero': 'https://pe.tedcdn.com/images/ted/2d256c3f86104207699012ffc13630b2d4af746a_2880x1620.jpg', 'speaker': 'Newton Aduaka', 'title': 'The story of Ezra', 'duration': 1124, 'slug': 'newton_aduaka_tells_the_story_of_ezra', 'viewed_count': 330236}]","Musician, activist","['TED Brain Trust', 'activism', 'art', 'collaboration', 'culture', 'film', 'global issues', 'music', 'social change', 'storytelling']",Fight injustice with raw video,"https://www.ted.com/talks/peter_gabriel_fights_injustice_with_video",904215
48,,Productivity,Leadership,578,Why do people succeed? Is it because they're smart? Or are they just lucky? Neither. Analyst Richard St. John condenses years of interviews into an unmissable 3-minute slideshow on the real secrets of success.,210,TED2005,1109116800,66,Richard St. John,Richard St. John: 8 secrets of success,1,1166055060,"[{'id': 7, 'name': 'Funny', 'count': 2966}, {'id': 1, 'name': 'Beautiful', 'count': 576}, {'id': 21, 'name': 'Unconvincing', 'count': 213}, {'id': 8, 'name': 'Informative', 'count': 1912}, {'id': 10, 'name': 'Inspiring', 'count': 4978}, {'id': 2, 'name': 'Confusing', 'count': 43}, {'id': 22, 'name': 'Fascinating', 'count': 777}, {'id': 9, 'name': 'Ingenious', 'count': 638}, {'id': 3, 'name': 'Courageous', 'count': 457}, {'id': 11, 'name': 'Longwinded', 'count': 27}, {'id': 24, 'name': 'Persuasive', 'count': 1433}, {'id': 23, 'name': 'Jaw-dropping', 'count': 251}, {'id': 25, 'name': 'OK', 'count': 685}, {'id': 26, 'name': 'Obnoxious', 'count': 57}]","[{'id': 66, 'hero': 'https://pe.tedcdn.com/images/ted/6b6eb940bceab359ca676a9b486aae475c1df883_2880x1620.jpg', 'speaker': 'Ken Robinson', 'title': 'Do schools kill creativity?', 'duration': 1164, 'slug': 'ken_robinson_says_schools_kill_creativity', 'viewed_count': 47227171}, {'id': 202, 'hero': 'https://pe.tedcdn.com/images/ted/87205c20e5b3e1b63d04da23c04b22956087f0be_2880x1620.jpg', 'speaker': 'Gever Tulley', 'title': '5 dangerous things you should let your kids do', 'duration': 558, 'slug': 'gever_tulley_on_5_dangerous_things_for_kids', 'viewed_count': 4364853}, {'id': 93, 'hero': 'https://pe.tedcdn.com/images/ted/bf2541157cdf5741f11ddea013c19b4ce5201be4_2880x1620.jpg', 'speaker': 'Barry Schwartz', 'title': 'The paradox of choice', 'duration': 1177, 'slug': 'barry_schwartz_on_the_paradox_of_choice', 'viewed_count': 10000711}, {'id': 572, 'hero': 'https://pe.tedcdn.com/images/ted/6c5a57b8edbb8082ef49b64994c3a1957f5e13a9_1600x1200.jpg', 'speaker': 'Richard St. John', 'title': 'Success is a continuous journey', 'duration': 237, 'slug': 'richard_st_john_success_is_a_continuous_journey', 'viewed_count': 3661589}, {'id': 2638, 'hero': 'https://pe.tedcdn.com/images/ted/f3b1cafe89d952edc479031dbd2df69faf730d74_2880x1620.jpg', 'speaker': 'Jia Jiang', 'title': 'What I learned from 100 days of rejection', 'duration': 931, 'slug': 'jia_jiang_what_i_learned_from_100_days_of_rejection', 'viewed_count': 3464229}, {'id': 2182, 'hero': 'https://pe.tedcdn.com/images/ted/07ece83dd77f758dd2c92e3fcb0ee6b404dc49a2_2880x1620.jpg', 'speaker': 'Ricardo Semler', 'title': 'How to run a company with (almost) no rules', 'duration': 1302, 'slug': 'ricardo_semler_how_to_run_a_company_with_almost_no_rules', 'viewed_count': 2610205}]","Marketer, success analyst","['business', 'culture', 'entertainment', 'happiness', 'psychology', 'success', 'work']",8 secrets of success,"https://www.ted.com/talks/richard_st_john_s_8_secrets_of_success",10841210
49,,Social media,Literature,95,"How many poets could cram eBay, Friendster and Monster.com into 3-minute poem worthy of a standing ovation? Enjoy Rives' unique talent.",247,TEDSalon 2006,1164844800,34,Rives,Rives: If I controlled the Internet,1,1166055060,"[{'id': 7, 'name': 'Funny', 'count': 949}, {'id': 9, 'name': 'Ingenious', 'count': 377}, {'id': 3, 'name': 'Courageous', 'count': 44}, {'id': 1, 'name': 'Beautiful', 'count': 408}, {'id': 11, 'name': 'Longwinded', 'count': 41}, {'id': 8, 'name': 'Informative', 'count': 21}, {'id': 10, 'name': 'Inspiring', 'count': 195}, {'id': 21, 'name': 'Unconvincing', 'count': 56}, {'id': 22, 'name': 'Fascinating', 'count': 186}, {'id': 2, 'name': 'Confusing', 'count': 45}, {'id': 25, 'name': 'OK', 'count': 135}, {'id': 26, 'name': 'Obnoxious', 'count': 73}, {'id': 23, 'name': 'Jaw-dropping', 'count': 94}, {'id': 24, 'name': 'Persuasive', 'count': 25}]","[{'id': 148, 'hero': 'https://pe.tedcdn.com/images/ted/2ee4ff57415326f5ba4de74807f891825e96c26e_1600x1200.jpg', 'speaker': 'Rives', 'title': 'The  4 a.m. mystery', 'duration': 552, 'slug': 'rives_on_4_a_m', 'viewed_count': 3387763}, {'id': 383, 'hero': 'https://pe.tedcdn.com/images/ted/66480_800x600.jpg', 'speaker': 'Rives', 'title': 'A story of mixed emoticons', 'duration': 197, 'slug': 'rives_tells_a_story_of_mixed_emoticons', 'viewed_count': 1594231}, {'id': 981, 'hero': 'https://pe.tedcdn.com/images/ted/207122_800x600.jpg', 'speaker': 'Ze Frank', 'title': 'My web playroom', 'duration': 1080, 'slug': 'ze_frank_s_web_playroom', 'viewed_count': 1876042}, {'id': 1693, 'hero': 'https://pe.tedcdn.com/images/ted/fc7b6c0a7974f84b6fd218a3409eb5248d214aad_1600x1200.jpg', 'speaker': 'Danny Hillis', 'title': 'The Internet could crash. We need a Plan B', 'duration': 751, 'slug': 'danny_hillis_the_internet_could_crash_we_need_a_plan_b', 'viewed_count': 1265162}, {'id': 640, 'hero': 'https://pe.tedcdn.com/images/ted/117051_800x600.jpg', 'speaker': 'Jonathan Zittrain', 'title': 'The Web as random acts of kindness', 'duration': 1191, 'slug': 'jonathan_zittrain_the_web_is_a_random_act_of_kindness', 'viewed_count': 717476}, {'id': 1436, 'hero': 'https://pe.tedcdn.com/images/ted/dc4468c73fe7f64cd6e6f6691ca8e7db16378009_800x600.jpg', 'speaker': 'Gary Kovacs', 'title': 'Tracking our online trackers', 'duration': 399, 'slug': 'gary_kovacs_tracking_the_trackers', 'viewed_count': 2098624}]","Performance poet, multimedia artist","['culture', 'entertainment', 'love', 'performance', 'philosophy', 'poetry']",If I controlled the Internet,"https://www.ted.com/talks/rives_controls_the_internet",1813665
50,,Global health,Nutrition ,199,Forget the latest disease in the news: Cardiovascular disease kills more people than everything else combined -- and it‰Ûªs mostly preventable. Dr. Dean Ornish explains how changing our eating habits can save lives.,198,TED2006,1140652800,48,Dean Ornish,Dean Ornish: The killer American diet that's sweeping the planet,1,1166055060,"[{'id': 8, 'name': 'Informative', 'count': 749}, {'id': 7, 'name': 'Funny', 'count': 54}, {'id': 11, 'name': 'Longwinded', 'count': 8}, {'id': 2, 'name': 'Confusing', 'count': 28}, {'id': 21, 'name': 'Unconvincing', 'count': 61}, {'id': 10, 'name': 'Inspiring', 'count': 151}, {'id': 9, 'name': 'Ingenious', 'count': 31}, {'id': 22, 'name': 'Fascinating', 'count': 85}, {'id': 3, 'name': 'Courageous', 'count': 31}, {'id': 24, 'name': 'Persuasive', 'count': 331}, {'id': 25, 'name': 'OK', 'count': 133}, {'id': 26, 'name': 'Obnoxious', 'count': 14}, {'id': 23, 'name': 'Jaw-dropping', 'count': 62}, {'id': 1, 'name': 'Beautiful', 'count': 8}]","[{'id': 263, 'hero': 'https://pe.tedcdn.com/images/ted/e53dd444ed289f36275590ba3c93ddc161cf83fa_1600x1200.jpg', 'speaker': 'Mark Bittman', 'title': ""What's wrong with what we eat"", 'duration': 1208, 'slug': 'mark_bittman_on_what_s_wrong_with_what_we_eat', 'viewed_count': 3830659}, {'id': 348, 'hero': 'https://pe.tedcdn.com/images/ted/aaeea21df3e61b5ecb347f5b024e519b178547ef_1600x1200.jpg', 'speaker': 'Ann Cooper', 'title': ""What's wrong with school lunches"", 'duration': 1182, 'slug': 'ann_cooper_talks_school_lunches', 'viewed_count': 1137763}, {'id': 248, 'hero': 'https://pe.tedcdn.com/images/ted/41661_480x360.jpg', 'speaker': 'Alisa Miller', 'title': 'How the news distorts our worldview', 'duration': 269, 'slug': 'alisa_miller_shares_the_news_about_the_news', 'viewed_count': 1888709}, {'id': 377, 'hero': 'https://pe.tedcdn.com/images/ted/345ceaff60568e6e8e8cc811dda6ebcdb4b264c2_2880x1620.jpg', 'speaker': 'Dean Ornish', 'title': 'Healing through diet', 'duration': 1009, 'slug': 'dean_ornish_on_healing', 'viewed_count': 1110769}, {'id': 727, 'hero': 'https://pe.tedcdn.com/images/ted/139726_800x600.jpg', 'speaker': 'Dan Buettner', 'title': 'How to live to be 100+', 'duration': 1179, 'slug': 'dan_buettner_how_to_live_to_be_100', 'viewed_count': 3157397}, {'id': 1900, 'hero': 'https://pe.tedcdn.com/images/ted/cb0ef0f047b0d95fa7308b32ef994c64da7103bb_1600x1200.jpg', 'speaker': 'Sandra Aamodt', 'title': ""Why dieting doesn't usually work"", 'duration': 762, 'slug': 'sandra_aamodt_why_dieting_doesn_t_usually_work', 'viewed_count': 4102368}]","Physician, author","['culture', 'disease', 'food', 'global issues', 'health', 'health care', 'obesity', 'science']",The killer American diet that's sweeping the planet,"https://www.ted.com/talks/dean_ornish_on_the_world_s_killer_diet",2299265
